Director,Tier,CareerPhase,Region,PrimaryLane,SecondaryLanes,ScaleProven,TonalDNA,Last3Features,LastFilm,LastFilmYear,LastFilmType,NextProject,NextStatus,ActorMagnet,PackagingNotes,OpsNotes,ResearchStatus,SeededOn,WikipediaSearch,IMDbSearch,TheNumbersURL,Last3_Source,Film1_Title,Film1_ReleaseDate,Film1_DomesticGrossUSD,Film1_IntlGrossUSD,Film1_WWGrossUSD,Film2_Title,Film2_ReleaseDate,Film2_DomesticGrossUSD,Film2_IntlGrossUSD,Film2_WWGrossUSD,Film3_Title,Film3_ReleaseDate,Film3_DomesticGrossUSD,Film3_IntlGrossUSD,Film3_WWGrossUSD,LastFilmWWGrossUSD,BudgetBandTypical,BudgetBandLowUSD,BudgetBandHighUSD,id,director_qid,tier_ai,tier_ai_confidence,tier_ai_as_of,availability_ai,availability_ai_confidence,availability_ai_as_of,ai_evidence_urls,reps_manual,internal_notes,exclude,watchlist_priority
Christopher Nolan,T0,Peak (Event filmmaker),,Epic drama / high-concept spectacle,"Historical, thriller",$100M–$250M+,"Precision, IMAX spectacle, time/structure games",Oppenheimer (2023); Tenet (2020); Dunkirk (2017),Oppenheimer,2023,Theatrical,The Odyssey,Post-production/announced release,5,Can attract A-list and premium formats; schedule locked to July 2026 release.,Long prep/post; prefers high control and specific formats.,In TOP sheet,2026-01-29,https://en.wikipedia.org/w/index.php?search=Christopher+Nolan,https://www.imdb.com/find/?q=Christopher+Nolan&s=nm,https://www.the-numbers.com/person/106410401-Christopher-Nolan,The Numbers,Oppenheimer,"Jul 21, 2023",330078895,646678360,976757255,Tenet,"Sep 3, 2020",59473550,306800000,366273550,Dunkirk,"Jul 21, 2017",190068280,338000000,528068280,976757255,,,,MANUAL:0c710e67f8a2f72f50bf9dd69f32509209cff773,,,,,,,,,,,,
Denis Villeneuve,T0,Peak (Prestige + tentpole),,Sci-fi / epic worldbuilding,"Thriller, drama",$100M–$200M+,"Atmospheric, austere, grounded scale",Dune: Part Two (2024); Dune (2021); Blade Runner 2049 (2017),Dune: Part Two,2024,Theatrical,James Bond (next film) / Dune: Part Three,Announced / in development,5,Bankable for elevated sci-fi/action; high studio alignment; schedule likely locked.,Large-scale VFX and long post cycles common.,In TOP sheet,2026-01-29,https://en.wikipedia.org/w/index.php?search=Denis+Villeneuve,https://www.imdb.com/find/?q=Denis+Villeneuve&s=nm,https://www.the-numbers.com/person/447440401-Denis-Villeneuve,The Numbers,Dune: Part Two,"Mar 1, 2024",282709065,432497130,715206195,Dune,"Oct 22, 2021",111031267,318518799,429550066,Blade Runner 2049,"Oct 6, 2017",92054159,167100000,259154159,715206195,,,,MANUAL:8b699a40a10ac6c68e7f3db048df694db1bb9516,,,,,,,,,,,,
Greta Gerwig,T0,Peak (IP + auteur),,Comedy/drama with strong voice; IP reinvention,Fantasy,$50M–$200M,"Character-forward, witty, empathetic",Barbie (2023); Little Women (2019); Lady Bird (2017),Barbie,2023,Theatrical,Narnia: The Magician's Nephew,Announced / pre-production,5,Strong actor/brand magnet; lanes beyond comedy now include big fantasy.,Likely high creative control; talent-heavy ensembles.,In TOP sheet,2026-01-29,https://en.wikipedia.org/w/index.php?search=Greta+Gerwig,https://www.imdb.com/find/?q=Greta+Gerwig&s=nm,https://www.the-numbers.com/person/54050401-Greta-Gerwig,The Numbers,Barbie,"Jul 21, 2023",636785476,810900000,1447685476,Little Women,"Dec 25, 2019",108095955,110742431,218838386,Lady Bird,"Nov 3, 2017",48958273,31150209,80108482,1447685476,,,,MANUAL:25600245cab942729122d78d71f2ecf32d1ef41b,,,,,,,,,,,,
James Gunn,T0,Peak (franchise architect + director),,Superhero / big ensemble action-comedy,Genre comedy,$150M–$225M+,"Heart + humor, weirdness, ensemble dynamics",Superman (2025); Guardians of the Galaxy Vol 3 (2023); The Suicide Squad (2021),Superman,2025,Theatrical,Man of Tomorrow (Super-Family follow-up),Announced / in development,5,Extremely strong studio leverage; schedule largely committed.,Runs studio + directs—availability is the bottleneck.,In TOP sheet,2026-01-29,https://en.wikipedia.org/w/index.php?search=James+Gunn,https://www.imdb.com/find/?q=James+Gunn&s=nm,https://www.the-numbers.com/person/59460401-James-Gunn,The Numbers,Superman,"Jul 11, 2025",354223803,262600000,616823803,Guardians of the Galaxy Vol 3,"May 5, 2023",358995815,486559962,845555777,The Suicide Squad,"Aug 5, 2021",55817425,112900000,168717425,616823803,,,,MANUAL:bb3f4932fb9f66d31419ad7ae62268f5701a953a,,,,,,,,,,,,
Martin Scorsese,T0,Legacy peak,,Crime / prestige drama,Historical epic,$50M–$200M,Character + moral complexity,Killers of the Flower Moon (2023); The Irishman (2019); Silence (2016),Killers of the Flower Moon,2023,Theatrical+streamer,What Happens at Night,Announced,5,Top prestige attachment; often talent-driven packages.,Long runtimes/edits; schedule depends on lead talent.,In TOP sheet,2026-01-29,https://en.wikipedia.org/w/index.php?search=Martin+Scorsese,https://www.imdb.com/find/?q=Martin+Scorsese&s=nm,,,,,,,,,,,,,,,,,,,,,,MANUAL:1be4b478183ca493bb0378887d034b49f533eeb9,,,,,,,,,,,,
Matt Reeves,T0,Peak (franchise + auteur),,Dark franchise thriller,"Sci-fi, drama",$100M–$200M,"Noir mood, grounded intensity",The Batman (2022); War for the Planet of the Apes (2017); Dawn of the Planet of the Apes (2014),The Batman,2022,Theatrical,The Batman: Part II,Announced; filming spring 2026 (reported),4,Strong tonal franchise; likely unavailable through production.,Long dev cycles; careful worldbuilding.,In TOP sheet,2026-01-29,https://en.wikipedia.org/w/index.php?search=Matt+Reeves,https://www.imdb.com/find/?q=Matt+Reeves&s=nm,,,,,,,,,,,,,,,,,,,,,,MANUAL:1270674469c4639850b400137f745fd43966f4b5,,,,,,,,,,,,
Ridley Scott,T0,Established (high output),,Epic / historical / sci-fi,Thriller,$50M–$300M+,"Classical spectacle, muscular drama",Gladiator II (2024); Napoleon (2023); The Last Duel (2021),Gladiator II,2024,Theatrical,The Dog Stars,Scheduled,4,Can mount big productions; often multiple projects in flight.,High output but large logistics; schedule can shift.,In TOP sheet,2026-01-29,https://en.wikipedia.org/w/index.php?search=Ridley+Scott,https://www.imdb.com/find/?q=Ridley+Scott&s=nm,,,,,,,,,,,,,,,,,,,,,,MANUAL:42b5c1a7775ca1c21bf68ac96db20241894cd2a8,,,,,,,,,,,,
Shawn Levy,T0,Peak (studio event + IP),,Commercial action/adventure comedy,"Sci-fi, franchise",$100M–$250M+,Big-hearted crowd-pleaser,Deadpool & Wolverine (2024); The Adam Project (2022); Free Guy (2021),Deadpool & Wolverine,2024,Theatrical,Star Wars: Starfighter,Post-production (filming wrapped Dec 2025),5,Top-tier commercial attachment; schedule tied to SW post pipeline.,Large VFX post; Disney/Lucasfilm process.,In TOP sheet,2026-01-29,https://en.wikipedia.org/w/index.php?search=Shawn+Levy,https://www.imdb.com/find/?q=Shawn+Levy&s=nm,,,,,,,,,,,,,,,,,,,,,,MANUAL:94385576efb3cb1b97f7dc58ae74e302964f6508,,,,,,,,,,,,
Barry Jenkins,T1,Peak (prestige + Disney scale),,Character drama,"Family musical (CG), sci-fi thriller (next)",$30M–$200M,"Emotional intimacy, lyrical imagery",Mufasa: The Lion King (2024); If Beale Street Could Talk (2018); Moonlight (2016),Mufasa: The Lion King,2024,Theatrical,The Natural Order,In talks / announced package,4,Can bridge prestige to commercial; actors respond.,Lane varies widely depending on project scale.,In TOP sheet,2026-01-29,https://en.wikipedia.org/w/index.php?search=Barry+Jenkins,https://www.imdb.com/find/?q=Barry+Jenkins&s=nm,,,,,,,,,,,,,,,,,,,,,,MANUAL:db824f2ef0b447d11343956cf916463e05fc6f75,,,,,,,,,,,,
Bong Joon Ho,T1,Established (international event auteur),,Satirical genre blends,"Sci-fi, thriller",$30M–$120M,"Dark humor, class politics, tonal pivots",Mickey 17 (2025); Parasite (2019); Okja (2017),Mickey 17,2025,Theatrical,Untitled animated film (in progress),In development/production (reported),4,High prestige; language/market considerations; next project long-horizon.,Complex VFX and post cycles.,In TOP sheet,2026-01-29,https://en.wikipedia.org/w/index.php?search=Bong+Joon+Ho,https://www.imdb.com/find/?q=Bong+Joon+Ho&s=nm,,,,,,,,,,,,,,,,,,,,,,MANUAL:cd345cb337e477b0de4832c78341a39fee20d32e,,,,,,,,,,,,
Chad Stahelski,T1,Peak (action franchise builder),,Action (stunt-driven),Thriller,$50M–$120M+,"Choreography-forward, clean mythic action",John Wick: Chapter 4 (2023); John Wick: Chapter 3 (2019); John Wick: Chapter 2 (2017),John Wick: Chapter 4,2023,Theatrical,Highlander,Announced / in development,3,Great for action lane matching; tends toward long prep for choreography.,"Action-heavy prep, stunt safety, extended unit work.",In TOP sheet,2026-01-29,https://en.wikipedia.org/w/index.php?search=Chad+Stahelski,https://www.imdb.com/find/?q=Chad+Stahelski&s=nm,,,,,,,,,,,,,,,,,,,,,,MANUAL:575217d31eb4f9d45cb2b075f88ffbf0af0e083d,,,,,,,,,,,,
Christopher McQuarrie,T1,Peak (action specialist),,High-end action / spy,Thriller,$150M–$400M,"Practical stunt spectacle, precision pacing",Mission: Impossible – The Final Reckoning (2025); Dead Reckoning (2023); Fallout (2018),Mission: Impossible – The Final Reckoning,2025,Theatrical,(TBA) likely action package(s),TBD,4,Elite action credibility; availability depends on next Cruise/Paramount commitments.,Complex stunts can extend schedules.,In TOP sheet,2026-01-29,https://en.wikipedia.org/w/index.php?search=Christopher+McQuarrie,https://www.imdb.com/find/?q=Christopher+McQuarrie&s=nm,,,,,,,,,,,,,,,,,,,,,,MANUAL:13b41b31772c7eccb084b1d7fdab9ed7e76e05d9,,,,,,,,,,,,
David Fincher,T1,Established,US/Intl,Thriller/Mystery,"Crime/Heist,Drama",Studio/Mid,"tense, precise",,,,,,,,,,Seeded,2026-01-29,https://en.wikipedia.org/w/index.php?search=David+Fincher,https://www.imdb.com/find/?q=David+Fincher&s=nm,,,,,,,,,,,,,,,,,,,,,,MANUAL:6cc56cef3f006efafbc92f25b28dfe2498513331,,,,,,,,,,,,
David Leitch,T1,Hot (studio action-comedy),,Action-comedy,Thriller,$80M–$150M,"Stunts + humor, pop energy",The Fall Guy (2024); Bullet Train (2022); Hobbs & Shaw (2019),The Fall Guy,2024,Theatrical,How to Rob a Bank,In development,4,Good for action+comedy scripts; can attract major stars.,High stunt needs; can run parallel units.,In TOP sheet,2026-01-29,https://en.wikipedia.org/w/index.php?search=David+Leitch,https://www.imdb.com/find/?q=David+Leitch&s=nm,,,,,,,,,,,,,,,,,,,,,,MANUAL:67772d970d4086f7f7fe05a70d524d3138fc86ef,,,,,,,,,,,,
Guillermo del Toro,T1,Established (auteur + studio),,Fantasy / gothic,"Drama, horror",$30M–$120M,"Gothic emotion, creature design",Frankenstein (2025); Pinocchio (2022); Nightmare Alley (2021),Frankenstein,2025,Streamer (Netflix),TBA,TBD,4,Strong for elevated genre and awards lane; streamer relationships matter.,Design-heavy; long preproduction.,In TOP sheet,2026-01-29,https://en.wikipedia.org/w/index.php?search=Guillermo+del+Toro,https://www.imdb.com/find/?q=Guillermo+del+Toro&s=nm,,,,,,,,,,,,,,,,,,,,,,MANUAL:5fbfc9bc324ab1a6e52884c978b4f67be9f39d0d,,,,,,,,,,,,
James Wan,T1,Established (franchise horror + superhero),,Horror / supernatural,Superhero action,$20M–$215M,"Tension craft, genre mechanics",Aquaman and the Lost Kingdom (2023); Malignant (2021); Aquaman (2018),Aquaman and the Lost Kingdom,2023,Theatrical,TBD (producer-heavy slate),TBD,3,Strong for horror lane; director availability uncertain.,Often producing multiple projects concurrently.,In TOP sheet,2026-01-29,https://en.wikipedia.org/w/index.php?search=James+Wan,https://www.imdb.com/find/?q=James+Wan&s=nm,https://www.the-numbers.com/person/148690401-James-Wan,The Numbers,Aquaman and the Lost Kingdom,"Dec 22, 2023",124481226,315700000,440181226,Malignant,"Sep 10, 2021",13391791,21500000,34891791,Aquaman,"Dec 21, 2018",335061807,813800000,1148861807,440181226,,,,MANUAL:1e1c6ac25373ade0a6cca75f9f5fb6a7634a44c7,,,,,,,,,,,,
Jordan Peele,T1,Selective (event horror auteur),,Social horror / thriller,Sci-fi,$10M–$70M,"High concept, uneasy humor, thematic metaphor",Nope (2022); Us (2019); Get Out (2017),Nope,2022,Theatrical,Untitled next feature (Universal) – release date removed,In development,4,High-value attachment for horror/thriller; scarcity increases leverage.,Typically original scripts with secrecy; controlled info flow.,In TOP sheet,2026-01-29,https://en.wikipedia.org/w/index.php?search=Jordan+Peele,https://www.imdb.com/find/?q=Jordan+Peele&s=nm,,,,,,,,,,,,,,,,,,,,,,MANUAL:12de220be6427cc982f576914e61b90414bc1f73,,,,,,,,,,,,
Joseph Kosinski,T1,Hot (premium commercial),,High-end commercial spectacle,Sci-fi,$150M–$300M,"Sleek realism, technical setpieces",F1 (2025); Top Gun: Maverick (2022); Oblivion (2013),F1 (F1: The Movie),2025,Theatrical,Untitled UFO conspiracy thriller (Apple),Package landed at Apple (announced),4,Strong for big-scale thrills; tends to require technical prep.,Complex production logistics; premium format pipelines.,In TOP sheet,2026-01-29,https://en.wikipedia.org/w/index.php?search=Joseph+Kosinski,https://www.imdb.com/find/?q=Joseph+Kosinski&s=nm,,,,,,,,,,,,,,,,,,,,,,MANUAL:bfdc7b17d604991bac04d6f40f838456723c1bef,,,,,,,,,,,,
M. Night Shyamalan,T1,Established,US/Intl,Thriller/Mystery,"Crime/Heist,Drama",Studio/Mid,"tense, precise",,,,,,,,,,Seeded,2026-01-29,https://en.wikipedia.org/w/index.php?search=M.+Night+Shyamalan,https://www.imdb.com/find/?q=M.+Night+Shyamalan&s=nm,,,,,,,,,,,,,,,,,,,,,,MANUAL:98ddd63f83d91adbb965a785758d46db1d44a33b,,,,,,,,,,,,
Patty Jenkins,T1,Established (big IP),,Superhero / action,Drama,$50M–$200M,"Earnest heroism, classical arcs",Wonder Woman 1984 (2020); Wonder Woman (2017); Monster (2003),Wonder Woman 1984,2020,Theatrical+HBO Max (pandemic),Rogue Squadron (status uncertain) / TBA,Reported / unconfirmed by Lucasfilm,3,Action/hero lane; next project status needs verification.,Big studio processes; schedule dependent on greenlight.,In TOP sheet,2026-01-29,https://en.wikipedia.org/w/index.php?search=Patty+Jenkins,https://www.imdb.com/find/?q=Patty+Jenkins&s=nm,,,,,,,,,,,,,,,,,,,,,,MANUAL:5537665398ac8ceef5784d77edd7489112e4abd6,,,,,,,,,,,,
Paul King,T1,Hot (family musical hit),,Family / comedy,Musical fantasy,$50M–$150M,"Warmth, whimsy, precision comedy",Wonka (2023); Paddington 2 (2017); Paddington (2014),Wonka,2023,Theatrical,Labubu (Sony),Early development (announced),4,Very strong for family lane; reliable tone control.,Family brand alignment important.,In TOP sheet,2026-01-29,https://en.wikipedia.org/w/index.php?search=Paul+King,https://www.imdb.com/find/?q=Paul+King&s=nm,,,,,,,,,,,,,,,,,,,,,,MANUAL:9395e5bfad27768d35096efdcc2954db58c78a9c,,,,,,,,,,,,
Rian Johnson,T1,Established (franchise + original),,Mystery / thriller,Sci-fi,$40M–$150M,"Playful whodunnit mechanics, twisty",Wake Up Dead Man (2025); Glass Onion (2022); The Last Jedi (2017),Wake Up Dead Man,2025,Streamer (Netflix),TBA (post Netflix deal),TBD,4,Can package ensemble; strong with stars in mystery lane.,Schedules often flexible but dependent on streamer deals.,In TOP sheet,2026-01-29,https://en.wikipedia.org/w/index.php?search=Rian+Johnson,https://www.imdb.com/find/?q=Rian+Johnson&s=nm,,,,,,,,,,,,,,,,,,,,,,MANUAL:2c89f54c2242af1ac264517dcf1b8fec556b5dec,,,,,,,,,,,,
Ryan Coogler,T1,Peak (franchise + original),,Event genre + grounded drama,"Action, horror",$50M–$200M,"Emotional intensity, cultural specificity, spectacle",Sinners (2025); Black Panther: Wakanda Forever (2022); Black Panther (2018),Sinners,2025,Theatrical,Black Panther 3,Confirmed next film (announced),5,Can package A-list and move studio financing; strong original credibility post-Sinners.,Often multi-hyphen (writer/director/producer).,In TOP sheet,2026-01-29,https://en.wikipedia.org/w/index.php?search=Ryan+Coogler,https://www.imdb.com/find/?q=Ryan+Coogler&s=nm,https://www.the-numbers.com/person/339010401-Ryan-Coogler,The Numbers,Sinners,"Apr 18, 2025",279989632,88399859,368389491,Black Panther: Wakanda Forever,"Nov 11, 2022",453829060,405379776,859208836,Black Panther,"Feb 16, 2018",700059566,634097516,1334157082,368389491,,,,MANUAL:8580da152d038251735142248699f7733dd84e68,,,,,,,,,,,,
Sam Mendes,T1,Established (prestige + franchise),,Prestige drama,Spy/action,$30M–$250M,"Classical craft, emotional restraint",Empire of Light (2022); 1917 (2019); Spectre (2015),Empire of Light,2022,Theatrical,The Beatles – A Four-Film Cinematic Event,Announced / in development,5,Massive multi-film commitment—practically unavailable.,Multi-film production planning; very long horizon.,In TOP sheet,2026-01-29,https://en.wikipedia.org/w/index.php?search=Sam+Mendes,https://www.imdb.com/find/?q=Sam+Mendes&s=nm,,,,,,,,,,,,,,,,,,,,,,MANUAL:cc076d6214371b514f28691cad22d022ab7eb8a7,,,,,,,,,,,,
Steven Soderbergh,T1,Established,US/Intl,Thriller/Mystery,"Crime/Heist,Drama",Studio/Mid,"tense, precise",,,,,,,,,,Seeded,2026-01-29,https://en.wikipedia.org/w/index.php?search=Steven+Soderbergh,https://www.imdb.com/find/?q=Steven+Soderbergh&s=nm,,,,,,,,,,,,,,,,,,,,,,MANUAL:ffe1a3222e5837b8d1d28a80861d4ee08fff4ff8,,,,,,,,,,,,
Taika Waititi,T1,Established (genre + comedy),,Comedy/drama with heart,Fantasy/sci-fi,$10M–$250M,Quirky humor + emotion,Next Goal Wins (2023); Thor: Love and Thunder (2022); Jojo Rabbit (2019),Next Goal Wins,2023,Theatrical,Klara and the Sun,Announced,3,Strong tone fit for offbeat/heart; can be polarizing commercially.,Comedic improvisation can add takes/time.,In TOP sheet,2026-01-29,https://en.wikipedia.org/w/index.php?search=Taika+Waititi,https://www.imdb.com/find/?q=Taika+Waititi&s=nm,,,,,,,,,,,,,,,,,,,,,,MANUAL:623b41fda380e4a32e9234724d6f6132fabe34b8,,,,,,,,,,,,
Adam McKay,T2,Established,US/UK,Comedy,"Action-comedy,Drama",Mid/Studio,"comedic, commercial",,,,,,,,,,Seeded,2026-01-29,https://en.wikipedia.org/w/index.php?search=Adam+McKay,https://www.imdb.com/find/?q=Adam+McKay&s=nm,,,,,,,,,,,,,,,,,,,,,,MANUAL:c40572e762cda17d5d79c5cf844804e760114e03,,,,,,,,,,,,
Alex Garland,T2,Established,US/Intl,Action,"Thriller/Mystery,Crime/Heist",Studio/Mid,"propulsive, commercial",,,,,,,,,,Seeded,2026-01-29,https://en.wikipedia.org/w/index.php?search=Alex+Garland,https://www.imdb.com/find/?q=Alex+Garland&s=nm,,,,,,,,,,,,,,,,,,,,,,MANUAL:cadd5cb31b8963b06526966999e87bc834ec1006,,,,,,,,,,,,
Alexander Payne,T2,Established,US/Intl,Prestige drama,"Drama,Biopic,Historical/Epic",Mid/Studio,"character-forward, cinematic",,,,,,,,,,Seeded,2026-01-29,https://en.wikipedia.org/w/index.php?search=Alexander+Payne,https://www.imdb.com/find/?q=Alexander+Payne&s=nm,,,,,,,,,,,,,,,,,,,,,,MANUAL:4ec4e384fe9830bcb302c56e32dfc06e086ee4d3,,,,,,,,,,,,
Alexandre Aja,T2,Established,US/Intl,Horror,Thriller/Mystery,Low/Mid/Studio,"tense, atmospheric",,,,,,,,,,Seeded,2026-01-29,https://en.wikipedia.org/w/index.php?search=Alexandre+Aja,https://www.imdb.com/find/?q=Alexandre+Aja&s=nm,,,,,,,,,,,,,,,,,,,,,,MANUAL:dbf0776c8ee38036bfa9abcce33b5dfe7afe8e3d,,,,,,,,,,,,
Andrew Adamson,T2,Established,US/Intl,Family,"Fantasy,Adventure,Animation",Studio/Tentpole,"accessible, emotional",,,,,,,,,,Seeded,2026-01-29,https://en.wikipedia.org/w/index.php?search=Andrew+Adamson,https://www.imdb.com/find/?q=Andrew+Adamson&s=nm,,,,,,,,,,,,,,,,,,,,,,MANUAL:d6b6fc9723b0ee8d616e43f5d586ea5f3d4ea444,,,,,,,,,,,,
Andrew Haigh,T2,Established,US/Intl,Prestige drama,"Drama,Biopic,Historical/Epic",Mid/Studio,"character-forward, cinematic",,,,,,,,,,Seeded,2026-01-29,https://en.wikipedia.org/w/index.php?search=Andrew+Haigh,https://www.imdb.com/find/?q=Andrew+Haigh&s=nm,,,,,,,,,,,,,,,,,,,,,,MANUAL:0bac74ba72c90fb7b5877c41abea85b4e11e110f,,,,,,,,,,,,
Andy Muschietti,T2,Established,US/Intl,Horror,Thriller/Mystery,Low/Mid/Studio,"tense, atmospheric",,,,,,,,,,Seeded,2026-01-29,https://en.wikipedia.org/w/index.php?search=Andy+Muschietti,https://www.imdb.com/find/?q=Andy+Muschietti&s=nm,,,,,,,,,,,,,,,,,,,,,,MANUAL:693cd4fc4478f20213f097c606fe60759f7d02fc,,,,,,,,,,,,
Ang Lee,T2,Established,US/Intl,Family,"Fantasy,Adventure,Animation",Studio/Tentpole,"accessible, emotional",,,,,,,,,,Seeded,2026-01-29,https://en.wikipedia.org/w/index.php?search=Ang+Lee,https://www.imdb.com/find/?q=Ang+Lee&s=nm,,,,,,,,,,,,,,,,,,,,,,MANUAL:e23367519fa7360fa8933de08e032552a227a06f,,,,,,,,,,,,
Antoine Fuqua,T2,Established,US/Intl,Action,"Thriller/Mystery,Crime/Heist",Studio/Mid,"propulsive, commercial",,,,,,,,,,Seeded,2026-01-29,https://en.wikipedia.org/w/index.php?search=Antoine+Fuqua,https://www.imdb.com/find/?q=Antoine+Fuqua&s=nm,,,,,,,,,,,,,,,,,,,,,,MANUAL:244bc7dadc05eaf971ef4e69b55354f79f483c0e,,,,,,,,,,,,
Ari Aster,T2,Hot (auteur to studio),,Elevated horror,"Dark comedy, drama",$10M–$60M,"Anxiety, dread, surreal humor",Eddington (2025); Beau Is Afraid (2023); Midsommar (2019),Eddington,2025,Theatrical (limited),TBA,TBD,4,Strong tone setter; actor interest high but commercially variable.,Can push into longer shoots for complex tone work.,In TOP sheet,2026-01-29,https://en.wikipedia.org/w/index.php?search=Ari+Aster,https://www.imdb.com/find/?q=Ari+Aster&s=nm,,,,,,,,,,,,,,,,,,,,,,MANUAL:1de9b9be7183acacacd5e19a944b7640c6eed9f6,,,,,,,,,,,,
Armando Iannucci,T2,Established,US/UK,Comedy,"Action-comedy,Drama",Mid/Studio,"comedic, commercial",,,,,,,,,,Seeded,2026-01-29,https://en.wikipedia.org/w/index.php?search=Armando+Iannucci,https://www.imdb.com/find/?q=Armando+Iannucci&s=nm,,,,,,,,,,,,,,,,,,,,,,MANUAL:55a3f3b1227c82eca4c3ed4081135e4f8b7f7a70,,,,,,,,,,,,
Asghar Farhadi,T2,Established,US/Intl,Prestige drama,"Drama,Biopic,Historical/Epic",Mid/Studio,"character-forward, cinematic",,,,,,,,,,Seeded,2026-01-29,https://en.wikipedia.org/w/index.php?search=Asghar+Farhadi,https://www.imdb.com/find/?q=Asghar+Farhadi&s=nm,,,,,,,,,,,,,,,,,,,,,,MANUAL:53c7a00e38d8cd30625ab96657e19cad5681a2de,,,,,,,,,,,,
Ava DuVernay,T2,Established,US/Intl,Prestige drama,"Drama,Biopic,Historical/Epic",Mid/Studio,"character-forward, cinematic",,,,,,,,,,Seeded,2026-01-29,https://en.wikipedia.org/w/index.php?search=Ava+DuVernay,https://www.imdb.com/find/?q=Ava+DuVernay&s=nm,,,,,,,,,,,,,,,,,,,,,,MANUAL:de654b42ac0c928963ec5fa320a0e1a8cbf17dd8,,,,,,,,,,,,
Baltasar Kormákur,T2,Established,US/Intl,Action,"Thriller/Mystery,Crime/Heist",Studio/Mid,"propulsive, commercial",,,,,,,,,,Seeded,2026-01-29,https://en.wikipedia.org/w/index.php?search=Baltasar+Korm%C3%A1kur,https://www.imdb.com/find/?q=Baltasar+Korm%C3%A1kur&s=nm,,,,,,,,,,,,,,,,,,,,,,MANUAL:a9102fdcc13cadafeaaaab691d2854da41ad85c9,,,,,,,,,,,,
Bille August,T2,Established,US/Intl,Prestige drama,"Drama,Biopic,Historical/Epic",Mid/Studio,"character-forward, cinematic",,,,,,,,,,Seeded,2026-01-29,https://en.wikipedia.org/w/index.php?search=Bille+August,https://www.imdb.com/find/?q=Bille+August&s=nm,,,,,,,,,,,,,,,,,,,,,,MANUAL:d8def3efa881a78e53e6517b7f5f462f5bab7cac,,,,,,,,,,,,
Brad Bird,T2,Established,US/Intl,Animation,"Family,Fantasy",Studio,"animated, family",,,,,,,,,,Seeded,2026-01-29,https://en.wikipedia.org/w/index.php?search=Brad+Bird,https://www.imdb.com/find/?q=Brad+Bird&s=nm,,,,,,,,,,,,,,,,,,,,,,MANUAL:fa41a8456501ad6fa0a809c5da06ee78cd9de1ea,,,,,,,,,,,,
Byron Howard,T2,Established,US/Intl,Animation,"Family,Fantasy",Studio,"animated, family",,,,,,,,,,Seeded,2026-01-29,https://en.wikipedia.org/w/index.php?search=Byron+Howard,https://www.imdb.com/find/?q=Byron+Howard&s=nm,,,,,,,,,,,,,,,,,,,,,,MANUAL:58a29f3dd2ec4907f64daebc1e3b70416ddd75d3,,,,,,,,,,,,
Chloé Zhao,T2,Prestige (selective),,Intimate drama,Historical,$10M–$60M,"Naturalism, lyricism",Hamnet (2025); Eternals (2021); Nomadland (2020),Hamnet,2025,Theatrical,TBA,TBD,3,Strong awards lane attachment; not a commercial genre lever.,Often location/available-light oriented.,In TOP sheet,2026-01-29,https://en.wikipedia.org/w/index.php?search=Chlo%C3%A9+Zhao,https://www.imdb.com/find/?q=Chlo%C3%A9+Zhao&s=nm,,,,,,,,,,,,,,,,,,,,,,MANUAL:86e74e00b2775608ba60d967e27e156a59ce6919,,,,,,,,,,,,
Chris Buck,T2,Established,US/Intl,Animation,"Family,Fantasy",Studio,"animated, family",,,,,,,,,,Seeded,2026-01-29,https://en.wikipedia.org/w/index.php?search=Chris+Buck,https://www.imdb.com/find/?q=Chris+Buck&s=nm,,,,,,,,,,,,,,,,,,,,,,MANUAL:6f49055cea7b5991a61c72cf90935049019a4cd8,,,,,,,,,,,,
Chris Columbus,T2,Established,US/Intl,Family,"Fantasy,Adventure,Animation",Studio/Tentpole,"accessible, emotional",,,,,,,,,,Seeded,2026-01-29,https://en.wikipedia.org/w/index.php?search=Chris+Columbus,https://www.imdb.com/find/?q=Chris+Columbus&s=nm,,,,,,,,,,,,,,,,,,,,,,MANUAL:7d37924da2093a4ef3d5170008f30c05cdb64db0,,,,,,,,,,,,
Chris McKay,T2,Established,US/Intl,Family,"Fantasy,Adventure,Animation",Studio/Tentpole,"accessible, emotional",,,,,,,,,,Seeded,2026-01-29,https://en.wikipedia.org/w/index.php?search=Chris+McKay,https://www.imdb.com/find/?q=Chris+McKay&s=nm,,,,,,,,,,,,,,,,,,,,,,MANUAL:18d6968ecd7fe96bb0bf3fe71f5e55f542fe785f,,,,,,,,,,,,
Chris Sanders,T2,Established,US/Intl,Animation,"Family,Fantasy",Studio,"animated, family",,,,,,,,,,Seeded,2026-01-29,https://en.wikipedia.org/w/index.php?search=Chris+Sanders,https://www.imdb.com/find/?q=Chris+Sanders&s=nm,,,,,,,,,,,,,,,,,,,,,,MANUAL:1c0f8d3c1f7398ded771f252b3e8977f36999fb4,,,,,,,,,,,,
Christopher Miller,T2,Established,US/UK,Comedy,"Action-comedy,Drama",Mid/Studio,"comedic, commercial",,,,,,,,,,Seeded,2026-01-29,https://en.wikipedia.org/w/index.php?search=Christopher+Miller,https://www.imdb.com/find/?q=Christopher+Miller&s=nm,,,,,,,,,,,,,,,,,,,,,,MANUAL:f72c9e866b718f92b61534d848bf51642dcd333e,,,,,,,,,,,,
Colin Trevorrow,T2,Established,US/Intl,Sci-fi,"Action,Thriller/Mystery",Studio/Tentpole,"concept-driven, visual",,,,,,,,,,Seeded,2026-01-29,https://en.wikipedia.org/w/index.php?search=Colin+Trevorrow,https://www.imdb.com/find/?q=Colin+Trevorrow&s=nm,,,,,,,,,,,,,,,,,,,,,,MANUAL:c68e15bfa6391fcc30cfb91734e38ae47373c798,,,,,,,,,,,,
Craig Gillespie,T2,Established,US/Intl,Prestige drama,"Drama,Biopic,Historical/Epic",Mid/Studio,"character-forward, cinematic",,,,,,,,,,Seeded,2026-01-29,https://en.wikipedia.org/w/index.php?search=Craig+Gillespie,https://www.imdb.com/find/?q=Craig+Gillespie&s=nm,,,,,,,,,,,,,,,,,,,,,,MANUAL:35c5a8a1a9cb5b350e9ad7560f8defc4c154154d,,,,,,,,,,,,
D. J. Caruso,T2,Established,US/Intl,Action,"Thriller/Mystery,Crime/Heist",Studio/Mid,"propulsive, commercial",,,,,,,,,,Seeded,2026-01-29,https://en.wikipedia.org/w/index.php?search=D.+J.+Caruso,https://www.imdb.com/find/?q=D.+J.+Caruso&s=nm,,,,,,,,,,,,,,,,,,,,,,MANUAL:40187098448b21313d6f0afc093b21440ce37b23,,,,,,,,,,,,
Damien Chazelle,T2,Rebuild/next swing,,Music/artist drama,"Period, thriller",$20M–$80M,"Kinetic, romantic, big setpieces",Babylon (2022); First Man (2018); La La Land (2016),Babylon,2022,Theatrical,Untitled prison drama (Craig/Murphy/Williams),In development (cast announced),4,Talent magnet; recent box-office miss makes lane/scale choice important.,Ambitious setpieces can drive cost.,In TOP sheet,2026-01-29,https://en.wikipedia.org/w/index.php?search=Damien+Chazelle,https://www.imdb.com/find/?q=Damien+Chazelle&s=nm,,,,,,,,,,,,,,,,,,,,,,MANUAL:e7100bcf41b79eb8e35fdae1b236bbd308dffd3e,,,,,,,,,,,,
Dan Gilroy,T2,Established,US/Intl,Action,"Thriller/Mystery,Crime/Heist",Studio/Mid,"propulsive, commercial",,,,,,,,,,Seeded,2026-01-29,https://en.wikipedia.org/w/index.php?search=Dan+Gilroy,https://www.imdb.com/find/?q=Dan+Gilroy&s=nm,,,,,,,,,,,,,,,,,,,,,,MANUAL:603dacbccc965639627f9eeb24a319fcb4d5bb58,,,,,,,,,,,,
David Ayer,T2,Established,US/Intl,Action,"Thriller/Mystery,Crime/Heist",Studio/Mid,"propulsive, commercial",,,,,,,,,,Seeded,2026-01-29,https://en.wikipedia.org/w/index.php?search=David+Ayer,https://www.imdb.com/find/?q=David+Ayer&s=nm,,,,,,,,,,,,,,,,,,,,,,MANUAL:7c2c393152f1890550623bff0651d753b1c435b1,,,,,,,,,,,,
David Dobkin,T2,Established,US/UK,Comedy,"Action-comedy,Drama",Mid/Studio,"comedic, commercial",,,,,,,,,,Seeded,2026-01-29,https://en.wikipedia.org/w/index.php?search=David+Dobkin,https://www.imdb.com/find/?q=David+Dobkin&s=nm,,,,,,,,,,,,,,,,,,,,,,MANUAL:1486297cfc13d7314e208b6d905a65a4ef4288eb,,,,,,,,,,,,
David F. Sandberg,T2,Established,US/Intl,Horror,Thriller/Mystery,Low/Mid/Studio,"tense, atmospheric",,,,,,,,,,Seeded,2026-01-29,https://en.wikipedia.org/w/index.php?search=David+F.+Sandberg,https://www.imdb.com/find/?q=David+F.+Sandberg&s=nm,,,,,,,,,,,,,,,,,,,,,,MANUAL:c134fd0607ab19e68aecbe3179b114c61a3c4a48,,,,,,,,,,,,
David Frankel,T2,Established,US/Intl,Prestige drama,"Drama,Biopic,Historical/Epic",Mid/Studio,"character-forward, cinematic",,,,,,,,,,Seeded,2026-01-29,https://en.wikipedia.org/w/index.php?search=David+Frankel,https://www.imdb.com/find/?q=David+Frankel&s=nm,,,,,,,,,,,,,,,,,,,,,,MANUAL:ccab3f03b3e025c730d70b49085d91cba6edd192,,,,,,,,,,,,
David Lowery,T2,Established,US/Intl,Family,"Fantasy,Adventure,Animation",Studio/Tentpole,"accessible, emotional",,,,,,,,,,Seeded,2026-01-29,https://en.wikipedia.org/w/index.php?search=David+Lowery,https://www.imdb.com/find/?q=David+Lowery&s=nm,,,,,,,,,,,,,,,,,,,,,,MANUAL:4099031edb141dd0175df543890237070413a989,,,,,,,,,,,,
David Mackenzie,T2,Established,US/Intl,Action,"Thriller/Mystery,Crime/Heist",Studio/Mid,"propulsive, commercial",,,,,,,,,,Seeded,2026-01-29,https://en.wikipedia.org/w/index.php?search=David+Mackenzie,https://www.imdb.com/find/?q=David+Mackenzie&s=nm,,,,,,,,,,,,,,,,,,,,,,MANUAL:f1f395bb10fe8297ba1de14e9313e017d4105a47,,,,,,,,,,,,
David Yates,T2,Established,US/Intl,Action,"Thriller/Mystery,Crime/Heist",Studio/Mid,"propulsive, commercial",,,,,,,,,,Seeded,2026-01-29,https://en.wikipedia.org/w/index.php?search=David+Yates,https://www.imdb.com/find/?q=David+Yates&s=nm,,,,,,,,,,,,,,,,,,,,,,MANUAL:5ab28fb8ab68fe2d75ccdb9ed75ca7a332ccf881,,,,,,,,,,,,
Dean DeBlois,T2,Established,US/Intl,Animation,"Family,Fantasy",Studio,"animated, family",,,,,,,,,,Seeded,2026-01-29,https://en.wikipedia.org/w/index.php?search=Dean+DeBlois,https://www.imdb.com/find/?q=Dean+DeBlois&s=nm,,,,,,,,,,,,,,,,,,,,,,MANUAL:5f6d0ff95db8caf1cd4c0bd349ef6bcd1557369b,,,,,,,,,,,,
Dee Rees,T2,Established,US/Intl,Prestige drama,"Drama,Biopic,Historical/Epic",Mid/Studio,"character-forward, cinematic",,,,,,,,,,Seeded,2026-01-29,https://en.wikipedia.org/w/index.php?search=Dee+Rees,https://www.imdb.com/find/?q=Dee+Rees&s=nm,,,,,,,,,,,,,,,,,,,,,,MANUAL:8727b278de33842d8db48bab60ed8226792b24a7,,,,,,,,,,,,
Destin Daniel Cretton,T2,Established,US/Intl,Prestige drama,"Drama,Biopic,Historical/Epic",Mid/Studio,"character-forward, cinematic",,,,,,,,,,Seeded,2026-01-29,https://en.wikipedia.org/w/index.php?search=Destin+Daniel+Cretton,https://www.imdb.com/find/?q=Destin+Daniel+Cretton&s=nm,,,,,,,,,,,,,,,,,,,,,,MANUAL:baa4e9faa71fd3ba66589a4bba6ee0c9a41f6909,,,,,,,,,,,,
Don Hall,T2,Established,US/Intl,Animation,"Family,Fantasy",Studio,"animated, family",,,,,,,,,,Seeded,2026-01-29,https://en.wikipedia.org/w/index.php?search=Don+Hall,https://www.imdb.com/find/?q=Don+Hall&s=nm,,,,,,,,,,,,,,,,,,,,,,MANUAL:d508f3cdd1f57a6029e211de64c58849a03e0a6a,,,,,,,,,,,,
Doug Liman,T2,Established,US/Intl,Action,"Thriller/Mystery,Crime/Heist",Studio/Mid,"propulsive, commercial",,,,,,,,,,Seeded,2026-01-29,https://en.wikipedia.org/w/index.php?search=Doug+Liman,https://www.imdb.com/find/?q=Doug+Liman&s=nm,,,,,,,,,,,,,,,,,,,,,,MANUAL:931924812f732a0c8b0c241b8650f56105d7df72,,,,,,,,,,,,
Duncan Jones,T2,Established,US/Intl,Sci-fi,"Action,Thriller/Mystery",Studio/Tentpole,"concept-driven, visual",,,,,,,,,,Seeded,2026-01-29,https://en.wikipedia.org/w/index.php?search=Duncan+Jones,https://www.imdb.com/find/?q=Duncan+Jones&s=nm,,,,,,,,,,,,,,,,,,,,,,MANUAL:2870259536b847864b0dc4f66683af759a7893a4,,,,,,,,,,,,
Edgar Wright,T2,Established,US/UK,Comedy,"Action-comedy,Drama",Mid/Studio,"comedic, commercial",,,,,,,,,,Seeded,2026-01-29,https://en.wikipedia.org/w/index.php?search=Edgar+Wright,https://www.imdb.com/find/?q=Edgar+Wright&s=nm,,,,,,,,,,,,,,,,,,,,,,MANUAL:96dccbea424d31b35dfb2925a07d952d651b5623,,,,,,,,,,,,
Eli Roth,T2,Established,US/Intl,Horror,Thriller/Mystery,Low/Mid/Studio,"tense, atmospheric",,,,,,,,,,Seeded,2026-01-29,https://en.wikipedia.org/w/index.php?search=Eli+Roth,https://www.imdb.com/find/?q=Eli+Roth&s=nm,,,,,,,,,,,,,,,,,,,,,,MANUAL:9513f42c1d1dca5008c13b788710b570fdc15bf7,,,,,,,,,,,,
Emerald Fennell,T2,Hot,,Dark comedy / provocative drama,Period romance,$10M–$60M,"Satirical, edgy, stylized",Saltburn (2023); Promising Young Woman (2020); (shorts/TV prior),Saltburn,2023,Streamer + limited theatrical,Wuthering Heights,Releasing,4,Tone-specific; can attract buzzy casts.,Content can be polarizing; marketing sensitive.,In TOP sheet,2026-01-29,https://en.wikipedia.org/w/index.php?search=Emerald+Fennell,https://www.imdb.com/find/?q=Emerald+Fennell&s=nm,,,,,,,,,,,,,,,,,,,,,,MANUAL:38fb49495cd1905b7262c9a1e90bff923a193107,,,,,,,,,,,,
F. Gary Gray,T2,Established,US/Intl,Action,"Thriller/Mystery,Crime/Heist",Studio/Mid,"propulsive, commercial",,,,,,,,,,Seeded,2026-01-29,https://en.wikipedia.org/w/index.php?search=F.+Gary+Gray,https://www.imdb.com/find/?q=F.+Gary+Gray&s=nm,,,,,,,,,,,,,,,,,,,,,,MANUAL:0e4b94945f229430446946bae816338f9ebf65bb,,,,,,,,,,,,
Fede Álvarez,T2,Established,US/Intl,Horror,Thriller/Mystery,Low/Mid/Studio,"tense, atmospheric",,,,,,,,,,Seeded,2026-01-29,https://en.wikipedia.org/w/index.php?search=Fede+%C3%81lvarez,https://www.imdb.com/find/?q=Fede+%C3%81lvarez&s=nm,,,,,,,,,,,,,,,,,,,,,,MANUAL:8d4b336e2bcc08b11a6fb69942584e6536cde4c1,,,,,,,,,,,,
Fernando Meirelles,T2,Established,US/Intl,Prestige drama,"Drama,Biopic,Historical/Epic",Mid/Studio,"character-forward, cinematic",,,,,,,,,,Seeded,2026-01-29,https://en.wikipedia.org/w/index.php?search=Fernando+Meirelles,https://www.imdb.com/find/?q=Fernando+Meirelles&s=nm,,,,,,,,,,,,,,,,,,,,,,MANUAL:28c83a41e3cfea5fa8b63b20423c90ac42c41b04,,,,,,,,,,,,
Francis Lawrence,T2,Established,US/Intl,Action,"Thriller/Mystery,Crime/Heist",Studio/Mid,"propulsive, commercial",,,,,,,,,,Seeded,2026-01-29,https://en.wikipedia.org/w/index.php?search=Francis+Lawrence,https://www.imdb.com/find/?q=Francis+Lawrence&s=nm,,,,,,,,,,,,,,,,,,,,,,MANUAL:da8848116bc165d4dd05d9d760e86670e961ac31,,,,,,,,,,,,
Gareth Edwards,T2,Established,US/Intl,Sci-fi,"Action,Thriller/Mystery",Studio/Tentpole,"concept-driven, visual",,,,,,,,,,Seeded,2026-01-29,https://en.wikipedia.org/w/index.php?search=Gareth+Edwards,https://www.imdb.com/find/?q=Gareth+Edwards&s=nm,,,,,,,,,,,,,,,,,,,,,,MANUAL:733467ecafda807d4e70404b0ca1b451d4009d09,,,,,,,,,,,,
Gareth Evans,T2,Established,US/Intl,Action,"Thriller/Mystery,Crime/Heist",Studio/Mid,"propulsive, commercial",,,,,,,,,,Seeded,2026-01-29,https://en.wikipedia.org/w/index.php?search=Gareth+Evans,https://www.imdb.com/find/?q=Gareth+Evans&s=nm,,,,,,,,,,,,,,,,,,,,,,MANUAL:7ea89a164076e5cfb175ce86172cde42fdb133f9,,,,,,,,,,,,
Garth Jennings,T2,Established,US/Intl,Animation,"Family,Fantasy",Studio,"animated, family",,,,,,,,,,Seeded,2026-01-29,https://en.wikipedia.org/w/index.php?search=Garth+Jennings,https://www.imdb.com/find/?q=Garth+Jennings&s=nm,,,,,,,,,,,,,,,,,,,,,,MANUAL:47caf41df79b3d6460ea79839b15fd00917f16fa,,,,,,,,,,,,
Gavin Hood,T2,Established,US/Intl,Action,"Thriller/Mystery,Crime/Heist",Studio/Mid,"propulsive, commercial",,,,,,,,,,Seeded,2026-01-29,https://en.wikipedia.org/w/index.php?search=Gavin+Hood,https://www.imdb.com/find/?q=Gavin+Hood&s=nm,,,,,,,,,,,,,,,,,,,,,,MANUAL:6fd82a041060c3fb93283e71b69587e17cf8ae33,,,,,,,,,,,,
George Miller,T2,Established,US/Intl,Family,"Fantasy,Adventure,Animation",Studio/Tentpole,"accessible, emotional",,,,,,,,,,Seeded,2026-01-29,https://en.wikipedia.org/w/index.php?search=George+Miller,https://www.imdb.com/find/?q=George+Miller&s=nm,,,,,,,,,,,,,,,,,,,,,,MANUAL:1e3cbdb239d610c5a13d791a77970e635cfa4525,,,,,,,,,,,,
George Tillman Jr.,T2,Established,US/Intl,Prestige drama,"Drama,Biopic,Historical/Epic",Mid/Studio,"character-forward, cinematic",,,,,,,,,,Seeded,2026-01-29,https://en.wikipedia.org/w/index.php?search=George+Tillman+Jr.,https://www.imdb.com/find/?q=George+Tillman+Jr.&s=nm,,,,,,,,,,,,,,,,,,,,,,MANUAL:87bcb2afce43cc4f5f516b6cd08b166786a98dff,,,,,,,,,,,,
Gina Prince-Bythewood,T2,Established,US/Intl,Prestige drama,"Drama,Biopic,Historical/Epic",Mid/Studio,"character-forward, cinematic",,,,,,,,,,Seeded,2026-01-29,https://en.wikipedia.org/w/index.php?search=Gina+Prince-Bythewood,https://www.imdb.com/find/?q=Gina+Prince-Bythewood&s=nm,,,,,,,,,,,,,,,,,,,,,,MANUAL:49d0db997c7ac1b7f6142ea5390815734ada4f63,,,,,,,,,,,,
Gore Verbinski,T2,Established,US/Intl,Family,"Fantasy,Adventure,Animation",Studio/Tentpole,"accessible, emotional",,,,,,,,,,Seeded,2026-01-29,https://en.wikipedia.org/w/index.php?search=Gore+Verbinski,https://www.imdb.com/find/?q=Gore+Verbinski&s=nm,,,,,,,,,,,,,,,,,,,,,,MANUAL:92ef4a9fe3547dbd7e4ba95c92217e81845b04df,,,,,,,,,,,,
Greg Mottola,T2,Established,US/UK,Comedy,"Action-comedy,Drama",Mid/Studio,"comedic, commercial",,,,,,,,,,Seeded,2026-01-29,https://en.wikipedia.org/w/index.php?search=Greg+Mottola,https://www.imdb.com/find/?q=Greg+Mottola&s=nm,,,,,,,,,,,,,,,,,,,,,,MANUAL:1d2a8d746ddd3dc4b46858d227d47bfc04bfcc2a,,,,,,,,,,,,
Guy Ritchie,T2,Established,US/Intl,Action,"Thriller/Mystery,Crime/Heist",Studio/Mid,"propulsive, commercial",,,,,,,,,,Seeded,2026-01-29,https://en.wikipedia.org/w/index.php?search=Guy+Ritchie,https://www.imdb.com/find/?q=Guy+Ritchie&s=nm,,,,,,,,,,,,,,,,,,,,,,MANUAL:0c8a9d1ffa35fc66612f14792f507fc97078169a,,,,,,,,,,,,
Hayao Miyazaki,T2,Established,US/Intl,Animation,"Family,Fantasy",Studio,"animated, family",,,,,,,,,,Seeded,2026-01-29,https://en.wikipedia.org/w/index.php?search=Hayao+Miyazaki,https://www.imdb.com/find/?q=Hayao+Miyazaki&s=nm,,,,,,,,,,,,,,,,,,,,,,MANUAL:a6d95ffaa7795495118a35887c0fd46bd3dd0bd9,,,,,,,,,,,,
Hirokazu Kore-eda,T2,Established,US/Intl,Prestige drama,"Drama,Biopic,Historical/Epic",Mid/Studio,"character-forward, cinematic",,,,,,,,,,Seeded,2026-01-29,https://en.wikipedia.org/w/index.php?search=Hirokazu+Kore-eda,https://www.imdb.com/find/?q=Hirokazu+Kore-eda&s=nm,,,,,,,,,,,,,,,,,,,,,,MANUAL:fadc8b5e11b634db2868bab94d28ad1144614216,,,,,,,,,,,,
Ira Sachs,T2,Established,US/Intl,Prestige drama,"Drama,Biopic,Historical/Epic",Mid/Studio,"character-forward, cinematic",,,,,,,,,,Seeded,2026-01-29,https://en.wikipedia.org/w/index.php?search=Ira+Sachs,https://www.imdb.com/find/?q=Ira+Sachs&s=nm,,,,,,,,,,,,,,,,,,,,,,MANUAL:adafcf23f010da02b32cb99ce1309a1ac43b07d6,,,,,,,,,,,,
J. J. Abrams,T2,Established,US/Intl,Sci-fi,"Action,Thriller/Mystery",Studio/Tentpole,"concept-driven, visual",,,,,,,,,,Seeded,2026-01-29,https://en.wikipedia.org/w/index.php?search=J.+J.+Abrams,https://www.imdb.com/find/?q=J.+J.+Abrams&s=nm,,,,,,,,,,,,,,,,,,,,,,MANUAL:2790880a4841b7712bdc13902781acc3bcd16c67,,,,,,,,,,,,
Jake Kasdan,T2,Established,US/UK,Comedy,"Action-comedy,Drama",Mid/Studio,"comedic, commercial",,,,,,,,,,Seeded,2026-01-29,https://en.wikipedia.org/w/index.php?search=Jake+Kasdan,https://www.imdb.com/find/?q=Jake+Kasdan&s=nm,,,,,,,,,,,,,,,,,,,,,,MANUAL:375a9a4f65509f57af761d1c9487317f3a59e050,,,,,,,,,,,,
James Bobin,T2,Established,US/Intl,Family,"Fantasy,Adventure,Animation",Studio/Tentpole,"accessible, emotional",,,,,,,,,,Seeded,2026-01-29,https://en.wikipedia.org/w/index.php?search=James+Bobin,https://www.imdb.com/find/?q=James+Bobin&s=nm,,,,,,,,,,,,,,,,,,,,,,MANUAL:de7e593fbf3b5b3a9c371e6bc9ff5c932cb0a83c,,,,,,,,,,,,
James DeMonaco,T2,Established,US/Intl,Horror,Thriller/Mystery,Low/Mid/Studio,"tense, atmospheric",,,,,,,,,,Seeded,2026-01-29,https://en.wikipedia.org/w/index.php?search=James+DeMonaco,https://www.imdb.com/find/?q=James+DeMonaco&s=nm,,,,,,,,,,,,,,,,,,,,,,MANUAL:3e2055018392423b9482a26f95da914821e76d5d,,,,,,,,,,,,
James Gray,T2,Established,US/Intl,Prestige drama,"Drama,Biopic,Historical/Epic",Mid/Studio,"character-forward, cinematic",,,,,,,,,,Seeded,2026-01-29,https://en.wikipedia.org/w/index.php?search=James+Gray,https://www.imdb.com/find/?q=James+Gray&s=nm,,,,,,,,,,,,,,,,,,,,,,MANUAL:fd5da1d7d2050abc8c5cd80fd67d1abbe5efebbe,,,,,,,,,,,,
James Mangold,T2,Established,US/Intl,Action,"Thriller/Mystery,Crime/Heist",Studio/Mid,"propulsive, commercial",,,,,,,,,,Seeded,2026-01-29,https://en.wikipedia.org/w/index.php?search=James+Mangold,https://www.imdb.com/find/?q=James+Mangold&s=nm,,,,,,,,,,,,,,,,,,,,,,MANUAL:7e74fe229d1d87d338d7d7db347a33cc4c92a6e6,,,,,,,,,,,,
Jason Reitman,T2,Established,US/UK,Comedy,"Action-comedy,Drama",Mid/Studio,"comedic, commercial",,,,,,,,,,Seeded,2026-01-29,https://en.wikipedia.org/w/index.php?search=Jason+Reitman,https://www.imdb.com/find/?q=Jason+Reitman&s=nm,,,,,,,,,,,,,,,,,,,,,,MANUAL:7770a512d70ec501ae17eb8ce2028a702ddf96ed,,,,,,,,,,,,
Jaume Balagueró,T2,Established,US/Intl,Horror,Thriller/Mystery,Low/Mid/Studio,"tense, atmospheric",,,,,,,,,,Seeded,2026-01-29,https://en.wikipedia.org/w/index.php?search=Jaume+Balaguer%C3%B3,https://www.imdb.com/find/?q=Jaume+Balaguer%C3%B3&s=nm,,,,,,,,,,,,,,,,,,,,,,MANUAL:c8b333ea93a80efe68d3c650dc47734c2f9b08d8,,,,,,,,,,,,
Jaume Collet-Serra,T2,Established,US/Intl,Action,"Thriller/Mystery,Crime/Heist",Studio/Mid,"propulsive, commercial",,,,,,,,,,Seeded,2026-01-29,https://en.wikipedia.org/w/index.php?search=Jaume+Collet-Serra,https://www.imdb.com/find/?q=Jaume+Collet-Serra&s=nm,,,,,,,,,,,,,,,,,,,,,,MANUAL:63b559d0347cc69b4262003612fa666664c33d55,,,,,,,,,,,,
Jennifer Kent,T2,Established,US/Intl,Horror,Thriller/Mystery,Low/Mid/Studio,"tense, atmospheric",,,,,,,,,,Seeded,2026-01-29,https://en.wikipedia.org/w/index.php?search=Jennifer+Kent,https://www.imdb.com/find/?q=Jennifer+Kent&s=nm,,,,,,,,,,,,,,,,,,,,,,MANUAL:9cbd7467fe7935b56ff13e53343d5926148bb9c2,,,,,,,,,,,,
Jennifer Lee,T2,Established,US/Intl,Animation,"Family,Fantasy",Studio,"animated, family",,,,,,,,,,Seeded,2026-01-29,https://en.wikipedia.org/w/index.php?search=Jennifer+Lee,https://www.imdb.com/find/?q=Jennifer+Lee&s=nm,,,,,,,,,,,,,,,,,,,,,,MANUAL:bf1cdd2152aea6c2bebf8c3f09490380416319ec,,,,,,,,,,,,
Joe Carnahan,T2,Established,US/Intl,Action,"Thriller/Mystery,Crime/Heist",Studio/Mid,"propulsive, commercial",,,,,,,,,,Seeded,2026-01-29,https://en.wikipedia.org/w/index.php?search=Joe+Carnahan,https://www.imdb.com/find/?q=Joe+Carnahan&s=nm,,,,,,,,,,,,,,,,,,,,,,MANUAL:cc19d6b7af3b7b61c4a286e4226c58dd2b3e25bc,,,,,,,,,,,,
Joe Johnston,T2,Established,US/Intl,Family,"Fantasy,Adventure,Animation",Studio/Tentpole,"accessible, emotional",,,,,,,,,,Seeded,2026-01-29,https://en.wikipedia.org/w/index.php?search=Joe+Johnston,https://www.imdb.com/find/?q=Joe+Johnston&s=nm,,,,,,,,,,,,,,,,,,,,,,MANUAL:003f63d19c21fa35750982b4528d04c34686b644,,,,,,,,,,,,
Joe Kosinski,T2,Established,US/Intl,Action,"Thriller/Mystery,Crime/Heist",Studio/Mid,"propulsive, commercial",,,,,,,,,,Seeded,2026-01-29,https://en.wikipedia.org/w/index.php?search=Joe+Kosinski,https://www.imdb.com/find/?q=Joe+Kosinski&s=nm,,,,,,,,,,,,,,,,,,,,,,MANUAL:be022b957197f1eeaeac588d8bff7097d12c5233,,,,,,,,,,,,
John Francis Daley,T2,Established,US/UK,Comedy,"Action-comedy,Drama",Mid/Studio,"comedic, commercial",,,,,,,,,,Seeded,2026-01-29,https://en.wikipedia.org/w/index.php?search=John+Francis+Daley,https://www.imdb.com/find/?q=John+Francis+Daley&s=nm,,,,,,,,,,,,,,,,,,,,,,MANUAL:34d7d77af5d360052d1e4a694252b05a5b1524da,,,,,,,,,,,,
Joko Anwar,T2,Established,US/Intl,Horror,Thriller/Mystery,Low/Mid/Studio,"tense, atmospheric",,,,,,,,,,Seeded,2026-01-29,https://en.wikipedia.org/w/index.php?search=Joko+Anwar,https://www.imdb.com/find/?q=Joko+Anwar&s=nm,,,,,,,,,,,,,,,,,,,,,,MANUAL:09c46c522fa01510d293ab62a653380880be712a,,,,,,,,,,,,
Jon Favreau,T2,Established,US/Intl,Family,"Fantasy,Adventure,Animation",Studio/Tentpole,"accessible, emotional",,,,,,,,,,Seeded,2026-01-29,https://en.wikipedia.org/w/index.php?search=Jon+Favreau,https://www.imdb.com/find/?q=Jon+Favreau&s=nm,,,,,,,,,,,,,,,,,,,,,,MANUAL:229731952bc642f04a515a68ede80780ad78c0ca,,,,,,,,,,,,
Jon M. Chu,T2,Established,US/Intl,Family,"Fantasy,Adventure,Animation",Studio/Tentpole,"accessible, emotional",,,,,,,,,,Seeded,2026-01-29,https://en.wikipedia.org/w/index.php?search=Jon+M.+Chu,https://www.imdb.com/find/?q=Jon+M.+Chu&s=nm,,,,,,,,,,,,,,,,,,,,,,MANUAL:12a0be67191108935ce8031006196128783e0059,,,,,,,,,,,,
Jonathan Goldstein,T2,Established,US/UK,Comedy,"Action-comedy,Drama",Mid/Studio,"comedic, commercial",,,,,,,,,,Seeded,2026-01-29,https://en.wikipedia.org/w/index.php?search=Jonathan+Goldstein,https://www.imdb.com/find/?q=Jonathan+Goldstein&s=nm,,,,,,,,,,,,,,,,,,,,,,MANUAL:ca38ef4ec62f46e9121819d3f8ed20625934e67d,,,,,,,,,,,,
José Padilha,T2,Established,US/Intl,Prestige drama,"Drama,Biopic,Historical/Epic",Mid/Studio,"character-forward, cinematic",,,,,,,,,,Seeded,2026-01-29,https://en.wikipedia.org/w/index.php?search=Jos%C3%A9+Padilha,https://www.imdb.com/find/?q=Jos%C3%A9+Padilha&s=nm,,,,,,,,,,,,,,,,,,,,,,MANUAL:d736ed257d3bb28a12ab4e8df63afd937bf1076a,,,,,,,,,,,,
Juan Antonio Bayona,T2,Established,US/Intl,Prestige drama,"Drama,Biopic,Historical/Epic",Mid/Studio,"character-forward, cinematic",,,,,,,,,,Seeded,2026-01-29,https://en.wikipedia.org/w/index.php?search=Juan+Antonio+Bayona,https://www.imdb.com/find/?q=Juan+Antonio+Bayona&s=nm,,,,,,,,,,,,,,,,,,,,,,MANUAL:b859fde296d093c04e56a9d1061e8a509bf4e0be,,,,,,,,,,,,
Judd Apatow,T2,Established,US/UK,Comedy,"Action-comedy,Drama",Mid/Studio,"comedic, commercial",,,,,,,,,,Seeded,2026-01-29,https://en.wikipedia.org/w/index.php?search=Judd+Apatow,https://www.imdb.com/find/?q=Judd+Apatow&s=nm,,,,,,,,,,,,,,,,,,,,,,MANUAL:1f2786c6e79d05d5cbbf74badefefea9fdda246c,,,,,,,,,,,,
Justin Kurzel,T2,Established,US/Intl,Action,"Thriller/Mystery,Crime/Heist",Studio/Mid,"propulsive, commercial",,,,,,,,,,Seeded,2026-01-29,https://en.wikipedia.org/w/index.php?search=Justin+Kurzel,https://www.imdb.com/find/?q=Justin+Kurzel&s=nm,,,,,,,,,,,,,,,,,,,,,,MANUAL:27f70aa96a2d4ede26661c8625afd646866bc650,,,,,,,,,,,,
Kasi Lemmons,T2,Established,US/Intl,Prestige drama,"Drama,Biopic,Historical/Epic",Mid/Studio,"character-forward, cinematic",,,,,,,,,,Seeded,2026-01-29,https://en.wikipedia.org/w/index.php?search=Kasi+Lemmons,https://www.imdb.com/find/?q=Kasi+Lemmons&s=nm,,,,,,,,,,,,,,,,,,,,,,MANUAL:1719fccfb8e649f44825d78315c39d81065cc337,,,,,,,,,,,,
Kathryn Bigelow,T2,Established,US/Intl,Action,"Thriller/Mystery,Crime/Heist",Studio/Mid,"propulsive, commercial",,,,,,,,,,Seeded,2026-01-29,https://en.wikipedia.org/w/index.php?search=Kathryn+Bigelow,https://www.imdb.com/find/?q=Kathryn+Bigelow&s=nm,,,,,,,,,,,,,,,,,,,,,,MANUAL:d8c86ae97d89386c9b454ed3c5c4f58e70c46565,,,,,,,,,,,,
Kiyoshi Kurosawa,T2,Established,US/Intl,Horror,Thriller/Mystery,Low/Mid/Studio,"tense, atmospheric",,,,,,,,,,Seeded,2026-01-29,https://en.wikipedia.org/w/index.php?search=Kiyoshi+Kurosawa,https://www.imdb.com/find/?q=Kiyoshi+Kurosawa&s=nm,,,,,,,,,,,,,,,,,,,,,,MANUAL:c30489757793ba26227f5315e70fefd3f7040655,,,,,,,,,,,,
Lee Daniels,T2,Established,US/Intl,Prestige drama,"Drama,Biopic,Historical/Epic",Mid/Studio,"character-forward, cinematic",,,,,,,,,,Seeded,2026-01-29,https://en.wikipedia.org/w/index.php?search=Lee+Daniels,https://www.imdb.com/find/?q=Lee+Daniels&s=nm,,,,,,,,,,,,,,,,,,,,,,MANUAL:1ea700fa9d176d27e1deefc945dac7b5b2554ee2,,,,,,,,,,,,
Leigh Whannell,T2,Established,US/Intl,Horror,Thriller/Mystery,Low/Mid/Studio,"tense, atmospheric",,,,,,,,,,Seeded,2026-01-29,https://en.wikipedia.org/w/index.php?search=Leigh+Whannell,https://www.imdb.com/find/?q=Leigh+Whannell&s=nm,,,,,,,,,,,,,,,,,,,,,,MANUAL:adba6122196eb8632cf6f13ddb9d182a7d421628,,,,,,,,,,,,
Luca Guadagnino,T2,Established,US/Intl,Prestige drama,"Drama,Biopic,Historical/Epic",Mid/Studio,"character-forward, cinematic",,,,,,,,,,Seeded,2026-01-29,https://en.wikipedia.org/w/index.php?search=Luca+Guadagnino,https://www.imdb.com/find/?q=Luca+Guadagnino&s=nm,,,,,,,,,,,,,,,,,,,,,,MANUAL:a09cb3859ca8f6b70eddd424d0d2d1960c2c3b92,,,,,,,,,,,,
Makoto Shinkai,T2,Established,US/Intl,Animation,"Family,Fantasy",Studio,"animated, family",,,,,,,,,,Seeded,2026-01-29,https://en.wikipedia.org/w/index.php?search=Makoto+Shinkai,https://www.imdb.com/find/?q=Makoto+Shinkai&s=nm,,,,,,,,,,,,,,,,,,,,,,MANUAL:0462043ba7b50348416a0ae5fa3aae05185e52b1,,,,,,,,,,,,
Mamoru Hosoda,T2,Established,US/Intl,Animation,"Family,Fantasy",Studio,"animated, family",,,,,,,,,,Seeded,2026-01-29,https://en.wikipedia.org/w/index.php?search=Mamoru+Hosoda,https://www.imdb.com/find/?q=Mamoru+Hosoda&s=nm,,,,,,,,,,,,,,,,,,,,,,MANUAL:3884b7f3562b7e345a21daa1de43a3996728999d,,,,,,,,,,,,
Marc Forster,T2,Established,US/Intl,Action,"Thriller/Mystery,Crime/Heist",Studio/Mid,"propulsive, commercial",,,,,,,,,,Seeded,2026-01-29,https://en.wikipedia.org/w/index.php?search=Marc+Forster,https://www.imdb.com/find/?q=Marc+Forster&s=nm,,,,,,,,,,,,,,,,,,,,,,MANUAL:71faad530bc2361a713d8a40c83ca9fc64d226fc,,,,,,,,,,,,
Marc Webb,T2,Established,US/Intl,Family,"Fantasy,Adventure,Animation",Studio/Tentpole,"accessible, emotional",,,,,,,,,,Seeded,2026-01-29,https://en.wikipedia.org/w/index.php?search=Marc+Webb,https://www.imdb.com/find/?q=Marc+Webb&s=nm,,,,,,,,,,,,,,,,,,,,,,MANUAL:668fdc808a4e58809731b4db59a4be085c25aa90,,,,,,,,,,,,
Marielle Heller,T2,Established,US/Intl,Prestige drama,"Drama,Biopic,Historical/Epic",Mid/Studio,"character-forward, cinematic",,,,,,,,,,Seeded,2026-01-29,https://en.wikipedia.org/w/index.php?search=Marielle+Heller,https://www.imdb.com/find/?q=Marielle+Heller&s=nm,,,,,,,,,,,,,,,,,,,,,,MANUAL:e6db738257b085ff54376d1f862ea927ae4619c4,,,,,,,,,,,,
Matthew Vaughn,T2,Established,US/Intl,Action,"Thriller/Mystery,Crime/Heist",Studio/Mid,"propulsive, commercial",,,,,,,,,,Seeded,2026-01-29,https://en.wikipedia.org/w/index.php?search=Matthew+Vaughn,https://www.imdb.com/find/?q=Matthew+Vaughn&s=nm,,,,,,,,,,,,,,,,,,,,,,MANUAL:99fd33777d8bec82e3ba0f3dd8c935b8b08505e4,,,,,,,,,,,,
Michael Bay,T2,Established,US/Intl,Action,"Thriller/Mystery,Crime/Heist",Studio/Mid,"propulsive, commercial",,,,,,,,,,Seeded,2026-01-29,https://en.wikipedia.org/w/index.php?search=Michael+Bay,https://www.imdb.com/find/?q=Michael+Bay&s=nm,,,,,,,,,,,,,,,,,,,,,,MANUAL:ea95ee7b18d3c86ed008c95408955ee11fee701b,,,,,,,,,,,,
Michael Mann,T2,Established,US/Intl,Action,"Thriller/Mystery,Crime/Heist",Studio/Mid,"propulsive, commercial",,,,,,,,,,Seeded,2026-01-29,https://en.wikipedia.org/w/index.php?search=Michael+Mann,https://www.imdb.com/find/?q=Michael+Mann&s=nm,,,,,,,,,,,,,,,,,,,,,,MANUAL:a313f4a6f68cb6fc54e78253782fd62e24e60684,,,,,,,,,,,,
Mike Dougherty,T2,Established,US/Intl,Horror,Thriller/Mystery,Low/Mid/Studio,"tense, atmospheric",,,,,,,,,,Seeded,2026-01-29,https://en.wikipedia.org/w/index.php?search=Mike+Dougherty,https://www.imdb.com/find/?q=Mike+Dougherty&s=nm,,,,,,,,,,,,,,,,,,,,,,MANUAL:a1344569a65a1b6ae83dd432e8c80fb5c5ad12d8,,,,,,,,,,,,
Mike Flanagan,T2,Established,US/Intl,Horror,Thriller/Mystery,Low/Mid/Studio,"tense, atmospheric",,,,,,,,,,Seeded,2026-01-29,https://en.wikipedia.org/w/index.php?search=Mike+Flanagan,https://www.imdb.com/find/?q=Mike+Flanagan&s=nm,,,,,,,,,,,,,,,,,,,,,,MANUAL:287140f3ca7dec1ad31e8c7c13e89568b3e79b8a,,,,,,,,,,,,
Mike Mills,T2,Established,US/Intl,Prestige drama,"Drama,Biopic,Historical/Epic",Mid/Studio,"character-forward, cinematic",,,,,,,,,,Seeded,2026-01-29,https://en.wikipedia.org/w/index.php?search=Mike+Mills,https://www.imdb.com/find/?q=Mike+Mills&s=nm,,,,,,,,,,,,,,,,,,,,,,MANUAL:86709f1c0c121d2fa794d971ed731f81c50f8c77,,,,,,,,,,,,
Morten Tyldum,T2,Established,US/Intl,Action,"Thriller/Mystery,Crime/Heist",Studio/Mid,"propulsive, commercial",,,,,,,,,,Seeded,2026-01-29,https://en.wikipedia.org/w/index.php?search=Morten+Tyldum,https://www.imdb.com/find/?q=Morten+Tyldum&s=nm,,,,,,,,,,,,,,,,,,,,,,MANUAL:e4ab0e9ccb0dfc6a94b69c7b8a6920a9960ece86,,,,,,,,,,,,
Neil Burger,T2,Established,US/Intl,Action,"Thriller/Mystery,Crime/Heist",Studio/Mid,"propulsive, commercial",,,,,,,,,,Seeded,2026-01-29,https://en.wikipedia.org/w/index.php?search=Neil+Burger,https://www.imdb.com/find/?q=Neil+Burger&s=nm,,,,,,,,,,,,,,,,,,,,,,MANUAL:8ea0c160d223438b2c163099298430a3642e1258,,,,,,,,,,,,
Neil Marshall,T2,Established,US/Intl,Horror,Thriller/Mystery,Low/Mid/Studio,"tense, atmospheric",,,,,,,,,,Seeded,2026-01-29,https://en.wikipedia.org/w/index.php?search=Neil+Marshall,https://www.imdb.com/find/?q=Neil+Marshall&s=nm,,,,,,,,,,,,,,,,,,,,,,MANUAL:d743f45dc91b1ca98fc57adf8591e6ec37cf6bab,,,,,,,,,,,,
Neill Blomkamp,T2,Established,US/Intl,Sci-fi,"Action,Thriller/Mystery",Studio/Tentpole,"concept-driven, visual",,,,,,,,,,Seeded,2026-01-29,https://en.wikipedia.org/w/index.php?search=Neill+Blomkamp,https://www.imdb.com/find/?q=Neill+Blomkamp&s=nm,,,,,,,,,,,,,,,,,,,,,,MANUAL:acb47ce585544b8763a6a30ef53c52f596c4ae7e,,,,,,,,,,,,
Nicholas Stoller,T2,Established,US/UK,Comedy,"Action-comedy,Drama",Mid/Studio,"comedic, commercial",,,,,,,,,,Seeded,2026-01-29,https://en.wikipedia.org/w/index.php?search=Nicholas+Stoller,https://www.imdb.com/find/?q=Nicholas+Stoller&s=nm,,,,,,,,,,,,,,,,,,,,,,MANUAL:899769337d3949bde887c5038d1b2c5822cd27ec,,,,,,,,,,,,
Niki Caro,T2,Established,US/Intl,Prestige drama,"Drama,Biopic,Historical/Epic",Mid/Studio,"character-forward, cinematic",,,,,,,,,,Seeded,2026-01-29,https://en.wikipedia.org/w/index.php?search=Niki+Caro,https://www.imdb.com/find/?q=Niki+Caro&s=nm,,,,,,,,,,,,,,,,,,,,,,MANUAL:e30919df0d08d32596eb94ead40945240a1dbfb3,,,,,,,,,,,,
Noah Baumbach,T2,Established,US/Intl,Prestige drama,"Drama,Biopic,Historical/Epic",Mid/Studio,"character-forward, cinematic",,,,,,,,,,Seeded,2026-01-29,https://en.wikipedia.org/w/index.php?search=Noah+Baumbach,https://www.imdb.com/find/?q=Noah+Baumbach&s=nm,,,,,,,,,,,,,,,,,,,,,,MANUAL:84e38f2cb5eaef77a0f3c3274465215448d91ee1,,,,,,,,,,,,
Nora Twomey,T2,Established,US/Intl,Animation,"Family,Fantasy",Studio,"animated, family",,,,,,,,,,Seeded,2026-01-29,https://en.wikipedia.org/w/index.php?search=Nora+Twomey,https://www.imdb.com/find/?q=Nora+Twomey&s=nm,,,,,,,,,,,,,,,,,,,,,,MANUAL:c061cd1a53d43baba831d93e69c8bdba89b03499,,,,,,,,,,,,
Osgood Perkins,T2,Established,US/Intl,Horror,Thriller/Mystery,Low/Mid/Studio,"tense, atmospheric",,,,,,,,,,Seeded,2026-01-29,https://en.wikipedia.org/w/index.php?search=Osgood+Perkins,https://www.imdb.com/find/?q=Osgood+Perkins&s=nm,,,,,,,,,,,,,,,,,,,,,,MANUAL:da664c4afc55f95069963519d2d4d2a33226b5c5,,,,,,,,,,,,
Paco Plaza,T2,Established,US/Intl,Horror,Thriller/Mystery,Low/Mid/Studio,"tense, atmospheric",,,,,,,,,,Seeded,2026-01-29,https://en.wikipedia.org/w/index.php?search=Paco+Plaza,https://www.imdb.com/find/?q=Paco+Plaza&s=nm,,,,,,,,,,,,,,,,,,,,,,MANUAL:a0056e4c9071e5bc92a9459269cb3e7f8fe9b954,,,,,,,,,,,,
Paolo Sorrentino,T2,Established,US/Intl,Prestige drama,"Drama,Biopic,Historical/Epic",Mid/Studio,"character-forward, cinematic",,,,,,,,,,Seeded,2026-01-29,https://en.wikipedia.org/w/index.php?search=Paolo+Sorrentino,https://www.imdb.com/find/?q=Paolo+Sorrentino&s=nm,,,,,,,,,,,,,,,,,,,,,,MANUAL:86ae0919575d5b136163342b9e99cd9d2ad3725f,,,,,,,,,,,,
Park Chan-wook,T2,Established,US/Intl,Horror,Thriller/Mystery,Low/Mid/Studio,"tense, atmospheric",,,,,,,,,,Seeded,2026-01-29,https://en.wikipedia.org/w/index.php?search=Park+Chan-wook,https://www.imdb.com/find/?q=Park+Chan-wook&s=nm,,,,,,,,,,,,,,,,,,,,,,MANUAL:e5aaf54c70b8ab2653317e451ce57c1f20caa1df,,,,,,,,,,,,
Paul Feig,T2,Established,US/Intl,Action,"Thriller/Mystery,Crime/Heist",Studio/Mid,"propulsive, commercial",,,,,,,,,,Seeded,2026-01-29,https://en.wikipedia.org/w/index.php?search=Paul+Feig,https://www.imdb.com/find/?q=Paul+Feig&s=nm,,,,,,,,,,,,,,,,,,,,,,MANUAL:5f5bc624f7301a701cd605c1041c23f598b7b4a8,,,,,,,,,,,,
Paul Greengrass,T2,Established,US/Intl,Action,"Thriller/Mystery,Crime/Heist",Studio/Mid,"propulsive, commercial",,,,,,,,,,Seeded,2026-01-29,https://en.wikipedia.org/w/index.php?search=Paul+Greengrass,https://www.imdb.com/find/?q=Paul+Greengrass&s=nm,,,,,,,,,,,,,,,,,,,,,,MANUAL:61c68aa2debc9ba02bf5894adafdd53eaae0fb5f,,,,,,,,,,,,
Paul Thomas Anderson,T2,Established,US/Intl,Prestige drama,"Drama,Biopic,Historical/Epic",Mid/Studio,"character-forward, cinematic",,,,,,,,,,Seeded,2026-01-29,https://en.wikipedia.org/w/index.php?search=Paul+Thomas+Anderson,https://www.imdb.com/find/?q=Paul+Thomas+Anderson&s=nm,,,,,,,,,,,,,,,,,,,,,,MANUAL:a6c634602ced37686ca5bdf92bdf95d10776b230,,,,,,,,,,,,
Paul W. S. Anderson,T2,Established,US/Intl,Action,"Thriller/Mystery,Crime/Heist",Studio/Mid,"propulsive, commercial",,,,,,,,,,Seeded,2026-01-29,https://en.wikipedia.org/w/index.php?search=Paul+W.+S.+Anderson,https://www.imdb.com/find/?q=Paul+W.+S.+Anderson&s=nm,,,,,,,,,,,,,,,,,,,,,,MANUAL:6342906427b3d8dfa956b7a99e774cda9f420b04,,,,,,,,,,,,
Pedro Almodóvar,T2,Established,US/Intl,Prestige drama,"Drama,Biopic,Historical/Epic",Mid/Studio,"character-forward, cinematic",,,,,,,,,,Seeded,2026-01-29,https://en.wikipedia.org/w/index.php?search=Pedro+Almod%C3%B3var,https://www.imdb.com/find/?q=Pedro+Almod%C3%B3var&s=nm,,,,,,,,,,,,,,,,,,,,,,MANUAL:309694b93923779b8e7b02c6560121a3ad197112,,,,,,,,,,,,
Pete Docter,T2,Established,US/Intl,Animation,"Family,Fantasy",Studio,"animated, family",,,,,,,,,,Seeded,2026-01-29,https://en.wikipedia.org/w/index.php?search=Pete+Docter,https://www.imdb.com/find/?q=Pete+Docter&s=nm,,,,,,,,,,,,,,,,,,,,,,MANUAL:54bbeb98a07ab35f8d231dd908fee13960b23039,,,,,,,,,,,,
Peter Berg,T2,Established,US/Intl,Action,"Thriller/Mystery,Crime/Heist",Studio/Mid,"propulsive, commercial",,,,,,,,,,Seeded,2026-01-29,https://en.wikipedia.org/w/index.php?search=Peter+Berg,https://www.imdb.com/find/?q=Peter+Berg&s=nm,,,,,,,,,,,,,,,,,,,,,,MANUAL:8bd24bcf42d5f56ffd32078af74783759ee44519,,,,,,,,,,,,
Peter Sohn,T2,Established,US/Intl,Animation,"Family,Fantasy",Studio,"animated, family",,,,,,,,,,Seeded,2026-01-29,https://en.wikipedia.org/w/index.php?search=Peter+Sohn,https://www.imdb.com/find/?q=Peter+Sohn&s=nm,,,,,,,,,,,,,,,,,,,,,,MANUAL:ad8bc8ee8627532b4d6d7fb9e2d749e68efec429,,,,,,,,,,,,
Phil Lord,T2,Established,US/UK,Comedy,"Action-comedy,Drama",Mid/Studio,"comedic, commercial",,,,,,,,,,Seeded,2026-01-29,https://en.wikipedia.org/w/index.php?search=Phil+Lord,https://www.imdb.com/find/?q=Phil+Lord&s=nm,,,,,,,,,,,,,,,,,,,,,,MANUAL:915841d4982e9c4264c6bf986417b672f1d52d49,,,,,,,,,,,,
Phillip Noyce,T2,Established,US/Intl,Action,"Thriller/Mystery,Crime/Heist",Studio/Mid,"propulsive, commercial",,,,,,,,,,Seeded,2026-01-29,https://en.wikipedia.org/w/index.php?search=Phillip+Noyce,https://www.imdb.com/find/?q=Phillip+Noyce&s=nm,,,,,,,,,,,,,,,,,,,,,,MANUAL:4b419af5b3ea34c158a7e664251bce90b572b294,,,,,,,,,,,,
Regina King,T2,Established,US/Intl,Prestige drama,"Drama,Biopic,Historical/Epic",Mid/Studio,"character-forward, cinematic",,,,,,,,,,Seeded,2026-01-29,https://en.wikipedia.org/w/index.php?search=Regina+King,https://www.imdb.com/find/?q=Regina+King&s=nm,,,,,,,,,,,,,,,,,,,,,,MANUAL:383e53b2afb7dd281287675d8f8178e5137e4e10,,,,,,,,,,,,
Reinaldo Marcus Green,T2,Established,US/Intl,Prestige drama,"Drama,Biopic,Historical/Epic",Mid/Studio,"character-forward, cinematic",,,,,,,,,,Seeded,2026-01-29,https://en.wikipedia.org/w/index.php?search=Reinaldo+Marcus+Green,https://www.imdb.com/find/?q=Reinaldo+Marcus+Green&s=nm,,,,,,,,,,,,,,,,,,,,,,MANUAL:c192250aa6e2c89dbb662899ec409d37e33357c2,,,,,,,,,,,,
Rich Moore,T2,Established,US/Intl,Animation,"Family,Fantasy",Studio,"animated, family",,,,,,,,,,Seeded,2026-01-29,https://en.wikipedia.org/w/index.php?search=Rich+Moore,https://www.imdb.com/find/?q=Rich+Moore&s=nm,,,,,,,,,,,,,,,,,,,,,,MANUAL:feedc393247189e850aff827e0f7dd621e444431,,,,,,,,,,,,
Richard Linklater,T2,Established,US/Intl,Prestige drama,"Drama,Biopic,Historical/Epic",Mid/Studio,"character-forward, cinematic",,,,,,,,,,Seeded,2026-01-29,https://en.wikipedia.org/w/index.php?search=Richard+Linklater,https://www.imdb.com/find/?q=Richard+Linklater&s=nm,,,,,,,,,,,,,,,,,,,,,,MANUAL:e79e772d2aeeab5f836235451afbcf04cc2ef2f2,,,,,,,,,,,,
Rob Letterman,T2,Established,US/Intl,Family,"Fantasy,Adventure,Animation",Studio/Tentpole,"accessible, emotional",,,,,,,,,,Seeded,2026-01-29,https://en.wikipedia.org/w/index.php?search=Rob+Letterman,https://www.imdb.com/find/?q=Rob+Letterman&s=nm,,,,,,,,,,,,,,,,,,,,,,MANUAL:96b51568b4e9a43c8e5ca6efb83fbb27b629f20b,,,,,,,,,,,,
Robert Eggers,T2,Hot (prestige horror),,Period horror,Mythic drama,$10M–$60M,"Period authenticity, gothic atmosphere",Nosferatu (2024); The Northman (2022); The Lighthouse (2019),Nosferatu,2024,Theatrical,Werwulf,Announced,3,Great for period/horror; reliable for lane match.,Period builds/costumes; specialized dialect work.,In TOP sheet,2026-01-29,https://en.wikipedia.org/w/index.php?search=Robert+Eggers,https://www.imdb.com/find/?q=Robert+Eggers&s=nm,,,,,,,,,,,,,,,,,,,,,,MANUAL:f82e2e4fbedecc85fa76ad2d8a732f12321624cc,,,,,,,,,,,,
Robert Rodriguez,T2,Established,US/Intl,Action,"Thriller/Mystery,Crime/Heist",Studio/Mid,"propulsive, commercial",,,,,,,,,,Seeded,2026-01-29,https://en.wikipedia.org/w/index.php?search=Robert+Rodriguez,https://www.imdb.com/find/?q=Robert+Rodriguez&s=nm,,,,,,,,,,,,,,,,,,,,,,MANUAL:6b702f1b884f038ae29310f18bfa8e7f7c10fb66,,,,,,,,,,,,
Robert Schwentke,T2,Established,US/Intl,Action,"Thriller/Mystery,Crime/Heist",Studio/Mid,"propulsive, commercial",,,,,,,,,,Seeded,2026-01-29,https://en.wikipedia.org/w/index.php?search=Robert+Schwentke,https://www.imdb.com/find/?q=Robert+Schwentke&s=nm,,,,,,,,,,,,,,,,,,,,,,MANUAL:01b474dd870ff5091343f4f939b10c1369e013f3,,,,,,,,,,,,
Robert Zemeckis,T2,Established,US/Intl,Family,"Fantasy,Adventure,Animation",Studio/Tentpole,"accessible, emotional",,,,,,,,,,Seeded,2026-01-29,https://en.wikipedia.org/w/index.php?search=Robert+Zemeckis,https://www.imdb.com/find/?q=Robert+Zemeckis&s=nm,,,,,,,,,,,,,,,,,,,,,,MANUAL:1646169715a9181b3cb966d097f1c44df3aca1b0,,,,,,,,,,,,
Ruben Fleischer,T2,Established,US/Intl,Action,"Thriller/Mystery,Crime/Heist",Studio/Mid,"propulsive, commercial",,,,,,,,,,Seeded,2026-01-29,https://en.wikipedia.org/w/index.php?search=Ruben+Fleischer,https://www.imdb.com/find/?q=Ruben+Fleischer&s=nm,,,,,,,,,,,,,,,,,,,,,,MANUAL:71fa5f98b4e61ff18ff7b07206679d2ac152efed,,,,,,,,,,,,
Sam Raimi,T2,Established,US/Intl,Family,"Fantasy,Adventure,Animation",Studio/Tentpole,"accessible, emotional",,,,,,,,,,Seeded,2026-01-29,https://en.wikipedia.org/w/index.php?search=Sam+Raimi,https://www.imdb.com/find/?q=Sam+Raimi&s=nm,,,,,,,,,,,,,,,,,,,,,,MANUAL:872148c59b2708023d951aa8212ef1637c6a06a3,,,,,,,,,,,,
Sarah Polley,T2,Established,US/Intl,Prestige drama,"Drama,Biopic,Historical/Epic",Mid/Studio,"character-forward, cinematic",,,,,,,,,,Seeded,2026-01-29,https://en.wikipedia.org/w/index.php?search=Sarah+Polley,https://www.imdb.com/find/?q=Sarah+Polley&s=nm,,,,,,,,,,,,,,,,,,,,,,MANUAL:21460805b12c0f116ce02526190c462d6676ae7b,,,,,,,,,,,,
Scott Derrickson,T2,Established,US/Intl,Horror,Thriller/Mystery,Low/Mid/Studio,"tense, atmospheric",,,,,,,,,,Seeded,2026-01-29,https://en.wikipedia.org/w/index.php?search=Scott+Derrickson,https://www.imdb.com/find/?q=Scott+Derrickson&s=nm,,,,,,,,,,,,,,,,,,,,,,MANUAL:7b4e2622fab7941ad0273bf6fd70d2d4117b1b06,,,,,,,,,,,,
Sofia Coppola,T2,Established,US/Intl,Prestige drama,"Drama,Biopic,Historical/Epic",Mid/Studio,"character-forward, cinematic",,,,,,,,,,Seeded,2026-01-29,https://en.wikipedia.org/w/index.php?search=Sofia+Coppola,https://www.imdb.com/find/?q=Sofia+Coppola&s=nm,,,,,,,,,,,,,,,,,,,,,,MANUAL:20c89e674c8e8a016f740ec030c1c3c9f8197153,,,,,,,,,,,,
Spike Jonze,T2,Established,US/Intl,Prestige drama,"Drama,Biopic,Historical/Epic",Mid/Studio,"character-forward, cinematic",,,,,,,,,,Seeded,2026-01-29,https://en.wikipedia.org/w/index.php?search=Spike+Jonze,https://www.imdb.com/find/?q=Spike+Jonze&s=nm,,,,,,,,,,,,,,,,,,,,,,MANUAL:b1bebd3533c526e648560910abfb9de842b7b3f1,,,,,,,,,,,,
Stephen Daldry,T2,Established,US/Intl,Prestige drama,"Drama,Biopic,Historical/Epic",Mid/Studio,"character-forward, cinematic",,,,,,,,,,Seeded,2026-01-29,https://en.wikipedia.org/w/index.php?search=Stephen+Daldry,https://www.imdb.com/find/?q=Stephen+Daldry&s=nm,,,,,,,,,,,,,,,,,,,,,,MANUAL:b85e6d6c459c58b3b1f0814e5c4fcbbc34d10ef9,,,,,,,,,,,,
Stephen Frears,T2,Established,US/Intl,Prestige drama,"Drama,Biopic,Historical/Epic",Mid/Studio,"character-forward, cinematic",,,,,,,,,,Seeded,2026-01-29,https://en.wikipedia.org/w/index.php?search=Stephen+Frears,https://www.imdb.com/find/?q=Stephen+Frears&s=nm,,,,,,,,,,,,,,,,,,,,,,MANUAL:340fd514dd490262f8cd24a6c33c7552ec634fc7,,,,,,,,,,,,
Steve McQueen,T2,Prestige (selective),,Historical drama,Thriller,$10M–$80M,"Formally rigorous, intense",Blitz (2024); Widows (2018); 12 Years a Slave (2013),Blitz,2024,Streamer (Apple TV+),TBA,TBD,3,Awards/prestige lever.,Often formal approach; production depends on partners.,In TOP sheet,2026-01-29,https://en.wikipedia.org/w/index.php?search=Steve+McQueen,https://www.imdb.com/find/?q=Steve+McQueen&s=nm,,,,,,,,,,,,,,,,,,,,,,MANUAL:5587853f4b058397a391b234cc3f750c8e2a9141,,,,,,,,,,,,
Susanne Bier,T2,Established,US/Intl,Prestige drama,"Drama,Biopic,Historical/Epic",Mid/Studio,"character-forward, cinematic",,,,,,,,,,Seeded,2026-01-29,https://en.wikipedia.org/w/index.php?search=Susanne+Bier,https://www.imdb.com/find/?q=Susanne+Bier&s=nm,,,,,,,,,,,,,,,,,,,,,,MANUAL:c0d568ecef9ae083ef39382b6f2237dcf7bde3bb,,,,,,,,,,,,
Takashi Miike,T2,Established,US/Intl,Horror,Thriller/Mystery,Low/Mid/Studio,"tense, atmospheric",,,,,,,,,,Seeded,2026-01-29,https://en.wikipedia.org/w/index.php?search=Takashi+Miike,https://www.imdb.com/find/?q=Takashi+Miike&s=nm,,,,,,,,,,,,,,,,,,,,,,MANUAL:8476e143ccee76bbfe4057866939676e275b887f,,,,,,,,,,,,
Tate Taylor,T2,Established,US/Intl,Prestige drama,"Drama,Biopic,Historical/Epic",Mid/Studio,"character-forward, cinematic",,,,,,,,,,Seeded,2026-01-29,https://en.wikipedia.org/w/index.php?search=Tate+Taylor,https://www.imdb.com/find/?q=Tate+Taylor&s=nm,,,,,,,,,,,,,,,,,,,,,,MANUAL:24a185339c34b159426b3a3955a75e098e849725,,,,,,,,,,,,
Ti West,T2,Established,US/Intl,Horror,Thriller/Mystery,Low/Mid/Studio,"tense, atmospheric",,,,,,,,,,Seeded,2026-01-29,https://en.wikipedia.org/w/index.php?search=Ti+West,https://www.imdb.com/find/?q=Ti+West&s=nm,,,,,,,,,,,,,,,,,,,,,,MANUAL:bc508fb588cc58c69f471a63c9714ff226ff8740,,,,,,,,,,,,
Tim Burton,T2,Established,US/Intl,Family,"Fantasy,Adventure,Animation",Studio/Tentpole,"accessible, emotional",,,,,,,,,,Seeded,2026-01-29,https://en.wikipedia.org/w/index.php?search=Tim+Burton,https://www.imdb.com/find/?q=Tim+Burton&s=nm,,,,,,,,,,,,,,,,,,,,,,MANUAL:7f91d97e270953734b9aa8d4f72623c5c987a8f2,,,,,,,,,,,,
Todd Haynes,T2,Established,US/Intl,Prestige drama,"Drama,Biopic,Historical/Epic",Mid/Studio,"character-forward, cinematic",,,,,,,,,,Seeded,2026-01-29,https://en.wikipedia.org/w/index.php?search=Todd+Haynes,https://www.imdb.com/find/?q=Todd+Haynes&s=nm,,,,,,,,,,,,,,,,,,,,,,MANUAL:4a36a24477c9da11c6fcb13ff1dd5492548ca934,,,,,,,,,,,,
Todd Phillips,T2,Established,US/UK,Comedy,"Action-comedy,Drama",Mid/Studio,"comedic, commercial",,,,,,,,,,Seeded,2026-01-29,https://en.wikipedia.org/w/index.php?search=Todd+Phillips,https://www.imdb.com/find/?q=Todd+Phillips&s=nm,,,,,,,,,,,,,,,,,,,,,,MANUAL:803c1e714ae9cac793c9d442a6edb60f20920667,,,,,,,,,,,,
Tom McCarthy,T2,Established,US/Intl,Prestige drama,"Drama,Biopic,Historical/Epic",Mid/Studio,"character-forward, cinematic",,,,,,,,,,Seeded,2026-01-29,https://en.wikipedia.org/w/index.php?search=Tom+McCarthy,https://www.imdb.com/find/?q=Tom+McCarthy&s=nm,,,,,,,,,,,,,,,,,,,,,,MANUAL:bf3b918158238c8c9839eff32a76ea0ee694d31d,,,,,,,,,,,,
Tomm Moore,T2,Established,US/Intl,Animation,"Family,Fantasy",Studio,"animated, family",,,,,,,,,,Seeded,2026-01-29,https://en.wikipedia.org/w/index.php?search=Tomm+Moore,https://www.imdb.com/find/?q=Tomm+Moore&s=nm,,,,,,,,,,,,,,,,,,,,,,MANUAL:321b060ae0f27bf35e59826b43464861b2e30dda,,,,,,,,,,,,
Tony Gilroy,T2,Established,US/Intl,Action,"Thriller/Mystery,Crime/Heist",Studio/Mid,"propulsive, commercial",,,,,,,,,,Seeded,2026-01-29,https://en.wikipedia.org/w/index.php?search=Tony+Gilroy,https://www.imdb.com/find/?q=Tony+Gilroy&s=nm,,,,,,,,,,,,,,,,,,,,,,MANUAL:ff46b4f2d667aea493d870bebc6a1d9809f56b70,,,,,,,,,,,,
Travis Knight,T2,Established,US/Intl,Family,"Fantasy,Adventure,Animation",Studio/Tentpole,"accessible, emotional",,,,,,,,,,Seeded,2026-01-29,https://en.wikipedia.org/w/index.php?search=Travis+Knight,https://www.imdb.com/find/?q=Travis+Knight&s=nm,,,,,,,,,,,,,,,,,,,,,,MANUAL:7491942b3a81fd6fa66bd60b0374b4a3b287efe4,,,,,,,,,,,,
Wes Anderson,T2,Established,US/UK,Comedy,"Action-comedy,Drama",Mid/Studio,"comedic, commercial",,,,,,,,,,Seeded,2026-01-29,https://en.wikipedia.org/w/index.php?search=Wes+Anderson,https://www.imdb.com/find/?q=Wes+Anderson&s=nm,,,,,,,,,,,,,,,,,,,,,,MANUAL:6369aa21ca62a57905b81861d5472f04026c73e9,,,,,,,,,,,,
Yorgos Lanthimos,T2,Peak (prestige + stars),,Dark comedy / prestige drama,Thriller,$20M–$60M,"Absurdist, deadpan, stylized",Bugonia (2025); Poor Things (2023); The Favourite (2018),Bugonia,2025,Theatrical,TBA,TBD,4,Star-friendly prestige lane; unique tone can polarize.,Stylized performance requirements.,In TOP sheet,2026-01-29,https://en.wikipedia.org/w/index.php?search=Yorgos+Lanthimos,https://www.imdb.com/find/?q=Yorgos+Lanthimos&s=nm,,,,,,,,,,,,,,,,,,,,,,MANUAL:4d11b2c1d0b745ddddc3a2f9f9d068f9ee9fa0d6,,,,,,,,,,,,
Zack Snyder,T2,Established,US/Intl,Action,"Thriller/Mystery,Crime/Heist",Studio/Mid,"propulsive, commercial",,,,,,,,,,Seeded,2026-01-29,https://en.wikipedia.org/w/index.php?search=Zack+Snyder,https://www.imdb.com/find/?q=Zack+Snyder&s=nm,,,,,,,,,,,,,,,,,,,,,,MANUAL:611fa45b493b4e3f92b183c4e42a55ef72c9cfdf,,,,,,,,,,,,
Adam Robitel,T3,Established (high output),US/Intl,Horror,Thriller/Mystery,Low/Mid,genre-forward,,,,,,,,,,Seeded,2026-01-29,https://en.wikipedia.org/w/index.php?search=Adam+Robitel,https://www.imdb.com/find/?q=Adam+Robitel&s=nm,,,,,,,,,,,,,,,,,,,,,,MANUAL:c73ae73972a61b312baa400d5f386bf84f3094c7,,,,,,,,,,,,
Adam Wingard,T3,Established,US/Intl,Horror,Thriller/Mystery,Low/Mid,genre-forward,,,,,,,,,,Seeded,2026-01-29,https://en.wikipedia.org/w/index.php?search=Adam+Wingard,https://www.imdb.com/find/?q=Adam+Wingard&s=nm,,,,,,,,,,,,,,,,,,,,,,MANUAL:f6ae541c268cde4d20c3d48f1a5ab83c7176c685,,,,,,,,,,,,
Andrea Berloff,T3,Established,US/Intl,Thriller/Mystery,"Crime/Heist,Drama",Low/Mid,"tense, grounded",,,,,,,,,,Seeded,2026-01-29,https://en.wikipedia.org/w/index.php?search=Andrea+Berloff,https://www.imdb.com/find/?q=Andrea+Berloff&s=nm,,,,,,,,,,,,,,,,,,,,,,MANUAL:8de998920003fa6e25c45e7dea5dc17dd08e4de9,,,,,,,,,,,,
Andy Fickman,T3,Established (high output),US/Intl,Comedy,"Romantic comedy,Action-comedy",Low/Mid,"broad, commercial",,,,,,,,,,Seeded,2026-01-29,https://en.wikipedia.org/w/index.php?search=Andy+Fickman,https://www.imdb.com/find/?q=Andy+Fickman&s=nm,,,,,,,,,,,,,,,,,,,,,,MANUAL:d057bf833643bd5eb56ece3eaadc0501c8e6afc1,,,,,,,,,,,,
Anna Foerster,T3,Established (high output),US/Intl,Action,Thriller/Mystery,Mid/Studio,"efficient, propulsive",,,,,,,,,,Seeded,2026-01-29,https://en.wikipedia.org/w/index.php?search=Anna+Foerster,https://www.imdb.com/find/?q=Anna+Foerster&s=nm,,,,,,,,,,,,,,,,,,,,,,MANUAL:cc5fb86cef9b1fcb860d75801fcc9706dca931d8,,,,,,,,,,,,
Anne Fletcher,T3,Established (high output),US/Intl,Comedy,"Romantic comedy,Action-comedy",Low/Mid,"broad, commercial",,,,,,,,,,Seeded,2026-01-29,https://en.wikipedia.org/w/index.php?search=Anne+Fletcher,https://www.imdb.com/find/?q=Anne+Fletcher&s=nm,,,,,,,,,,,,,,,,,,,,,,MANUAL:e753fe4be2b93d12ce03b141be397ce58417d234,,,,,,,,,,,,
Anthony Scott Burns,T3,Established,US/Intl,Horror,Thriller/Mystery,Low/Mid,genre-forward,,,,,,,,,,Seeded,2026-01-29,https://en.wikipedia.org/w/index.php?search=Anthony+Scott+Burns,https://www.imdb.com/find/?q=Anthony+Scott+Burns&s=nm,,,,,,,,,,,,,,,,,,,,,,MANUAL:8b5b94fe1074215f45fefca020ca7ee8b2222673,,,,,,,,,,,,
Babak Najafi,T3,Established (high output),US/Intl,Action,Thriller/Mystery,Mid/Studio,"efficient, propulsive",,,,,,,,,,Seeded,2026-01-29,https://en.wikipedia.org/w/index.php?search=Babak+Najafi,https://www.imdb.com/find/?q=Babak+Najafi&s=nm,,,,,,,,,,,,,,,,,,,,,,MANUAL:494a1c8755ac27353bf4a807e127d5cce0ff3ffd,,,,,,,,,,,,
Baz Luhrmann,T3,Established,US/Intl,Musical,"Drama,Comedy",Mid/Studio,music-driven,,,,,,,,,,Seeded,2026-01-29,https://en.wikipedia.org/w/index.php?search=Baz+Luhrmann,https://www.imdb.com/find/?q=Baz+Luhrmann&s=nm,,,,,,,,,,,,,,,,,,,,,,MANUAL:8e58f8f8616778777068df1e9557ac7dc27765f4,,,,,,,,,,,,
Ben Affleck,T3,Established,US/Intl,Thriller/Mystery,"Crime/Heist,Drama",Low/Mid,"tense, grounded",,,,,,,,,,Seeded,2026-01-29,https://en.wikipedia.org/w/index.php?search=Ben+Affleck,https://www.imdb.com/find/?q=Ben+Affleck&s=nm,,,,,,,,,,,,,,,,,,,,,,MANUAL:2418fba3eb068fbe1b180a0e727672df6b3260e3,,,,,,,,,,,,
Ben Wheatley,T3,Established,US/Intl,Thriller/Mystery,"Crime/Heist,Drama",Low/Mid,"tense, grounded",,,,,,,,,,Seeded,2026-01-29,https://en.wikipedia.org/w/index.php?search=Ben+Wheatley,https://www.imdb.com/find/?q=Ben+Wheatley&s=nm,,,,,,,,,,,,,,,,,,,,,,MANUAL:08d7ab04dc31712faf4d0b99027fa41a39b53052,,,,,,,,,,,,
Bill Condon,T3,Established,US/UK,Drama,"Biopic,Prestige drama",Mid,character-forward,,,,,,,,,,Seeded,2026-01-29,https://en.wikipedia.org/w/index.php?search=Bill+Condon,https://www.imdb.com/find/?q=Bill+Condon&s=nm,,,,,,,,,,,,,,,,,,,,,,MANUAL:e9fdc1145186249e2fdadfc699790f0c7b6b3bf3,,,,,,,,,,,,
Billie Woodruff,T3,Established,US/Intl,Musical,"Drama,Comedy",Mid/Studio,music-driven,,,,,,,,,,Seeded,2026-01-29,https://en.wikipedia.org/w/index.php?search=Billie+Woodruff,https://www.imdb.com/find/?q=Billie+Woodruff&s=nm,,,,,,,,,,,,,,,,,,,,,,MANUAL:bd7ebe01cecf3c6328b7bd8ecc72fdddeba43e1f,,,,,,,,,,,,
Bobby Farrelly,T3,Established (high output),US/Intl,Comedy,"Romantic comedy,Action-comedy",Low/Mid,"broad, commercial",,,,,,,,,,Seeded,2026-01-29,https://en.wikipedia.org/w/index.php?search=Bobby+Farrelly,https://www.imdb.com/find/?q=Bobby+Farrelly&s=nm,,,,,,,,,,,,,,,,,,,,,,MANUAL:1161f2cc5bdb55d8830c71f01bdcc497d0f65947,,,,,,,,,,,,
Brad Anderson,T3,Established (high output),US/Intl,Action,Thriller/Mystery,Mid/Studio,"efficient, propulsive",,,,,,,,,,Seeded,2026-01-29,https://en.wikipedia.org/w/index.php?search=Brad+Anderson,https://www.imdb.com/find/?q=Brad+Anderson&s=nm,,,,,,,,,,,,,,,,,,,,,,MANUAL:ae6949396bcf7bc82d87ef1b18dc1659824f5338,,,,,,,,,,,,
Brad Furman,T3,Established,US/UK,Drama,"Biopic,Prestige drama",Mid,character-forward,,,,,,,,,,Seeded,2026-01-29,https://en.wikipedia.org/w/index.php?search=Brad+Furman,https://www.imdb.com/find/?q=Brad+Furman&s=nm,,,,,,,,,,,,,,,,,,,,,,MANUAL:600716ac6e273f1526da224cbc80116b41be3536,,,,,,,,,,,,
Brad Peyton,T3,Established (high output),US/Intl,Action,Thriller/Mystery,Mid/Studio,"efficient, propulsive",,,,,,,,,,Seeded,2026-01-29,https://en.wikipedia.org/w/index.php?search=Brad+Peyton,https://www.imdb.com/find/?q=Brad+Peyton&s=nm,,,,,,,,,,,,,,,,,,,,,,MANUAL:a768fd9860f785348ac22a6e79bfc36ea3513873,,,,,,,,,,,,
Breck Eisner,T3,Established,US/Intl,Horror,Thriller/Mystery,Low/Mid,genre-forward,,,,,,,,,,Seeded,2026-01-29,https://en.wikipedia.org/w/index.php?search=Breck+Eisner,https://www.imdb.com/find/?q=Breck+Eisner&s=nm,,,,,,,,,,,,,,,,,,,,,,MANUAL:993db0df3f57cee3aa33cc22bd42720bb3cde9fd,,,,,,,,,,,,
Brian Robbins,T3,Established,US/UK,Romantic comedy,"Comedy,Drama",Mid/Studio,"warm, commercial",,,,,,,,,,Seeded,2026-01-29,https://en.wikipedia.org/w/index.php?search=Brian+Robbins,https://www.imdb.com/find/?q=Brian+Robbins&s=nm,,,,,,,,,,,,,,,,,,,,,,MANUAL:538fa1346545bdd6165c3e85b3ba3922c473eab4,,,,,,,,,,,,
Bryan Woods,T3,Established (high output),US/Intl,Horror,Thriller/Mystery,Low/Mid,genre-forward,,,,,,,,,,Seeded,2026-01-29,https://en.wikipedia.org/w/index.php?search=Bryan+Woods,https://www.imdb.com/find/?q=Bryan+Woods&s=nm,,,,,,,,,,,,,,,,,,,,,,MANUAL:68cca03bccd9f34ad6ff0aa2eacf0dac081086b0,,,,,,,,,,,,
Chris Weitz,T3,Established (high output),US/Intl,Comedy,"Romantic comedy,Action-comedy",Low/Mid,"broad, commercial",,,,,,,,,,Seeded,2026-01-29,https://en.wikipedia.org/w/index.php?search=Chris+Weitz,https://www.imdb.com/find/?q=Chris+Weitz&s=nm,,,,,,,,,,,,,,,,,,,,,,MANUAL:1a467c74cd88598c48dd51307003a15d3fb06c2b,,,,,,,,,,,,
Christian Gudegast,T3,Established (high output),US/Intl,Action,Thriller/Mystery,Mid/Studio,"efficient, propulsive",,,,,,,,,,Seeded,2026-01-29,https://en.wikipedia.org/w/index.php?search=Christian+Gudegast,https://www.imdb.com/find/?q=Christian+Gudegast&s=nm,,,,,,,,,,,,,,,,,,,,,,MANUAL:194a8f4e3e7f05e032cb9b548bea2248a037ebdb,,,,,,,,,,,,
Christopher Landon,T3,Established (high output),US/Intl,Horror,Thriller/Mystery,Low/Mid,genre-forward,,,,,,,,,,Seeded,2026-01-29,https://en.wikipedia.org/w/index.php?search=Christopher+Landon,https://www.imdb.com/find/?q=Christopher+Landon&s=nm,,,,,,,,,,,,,,,,,,,,,,MANUAL:49a0225da0942505085887097d15953dd015c0c2,,,,,,,,,,,,
Clint Eastwood,T3,Established,US/UK,Drama,"Biopic,Prestige drama",Mid,character-forward,,,,,,,,,,Seeded,2026-01-29,https://en.wikipedia.org/w/index.php?search=Clint+Eastwood,https://www.imdb.com/find/?q=Clint+Eastwood&s=nm,,,,,,,,,,,,,,,,,,,,,,MANUAL:b6164724935c9b062af10d434152da5a8ddf5f9a,,,,,,,,,,,,
Corin Hardy,T3,Established (high output),US/Intl,Horror,Thriller/Mystery,Low/Mid,genre-forward,,,,,,,,,,Seeded,2026-01-29,https://en.wikipedia.org/w/index.php?search=Corin+Hardy,https://www.imdb.com/find/?q=Corin+Hardy&s=nm,,,,,,,,,,,,,,,,,,,,,,MANUAL:b2fe5e216e7922eaf4bc2defe8b0251d2fdb37d7,,,,,,,,,,,,
Craig Johnson,T3,Established (high output),US/Intl,Comedy,"Romantic comedy,Action-comedy",Low/Mid,"broad, commercial",,,,,,,,,,Seeded,2026-01-29,https://en.wikipedia.org/w/index.php?search=Craig+Johnson,https://www.imdb.com/find/?q=Craig+Johnson&s=nm,,,,,,,,,,,,,,,,,,,,,,MANUAL:226f975ada0694db0e60067138395718766fccd1,,,,,,,,,,,,
Darren Lynn Bousman,T3,Established (high output),US/Intl,Horror,Thriller/Mystery,Low/Mid,genre-forward,,,,,,,,,,Seeded,2026-01-29,https://en.wikipedia.org/w/index.php?search=Darren+Lynn+Bousman,https://www.imdb.com/find/?q=Darren+Lynn+Bousman&s=nm,,,,,,,,,,,,,,,,,,,,,,MANUAL:27e9fcac00b7d58451d3d707e40b1ffa0f383192,,,,,,,,,,,,
David Bruckner,T3,Established (high output),US/Intl,Horror,Thriller/Mystery,Low/Mid,genre-forward,,,,,,,,,,Seeded,2026-01-29,https://en.wikipedia.org/w/index.php?search=David+Bruckner,https://www.imdb.com/find/?q=David+Bruckner&s=nm,,,,,,,,,,,,,,,,,,,,,,MANUAL:e0438a613e12a9bb75795773f994c962e030680a,,,,,,,,,,,,
David Michôd,T3,Established,US/Intl,Thriller/Mystery,"Crime/Heist,Drama",Low/Mid,"tense, grounded",,,,,,,,,,Seeded,2026-01-29,https://en.wikipedia.org/w/index.php?search=David+Mich%C3%B4d,https://www.imdb.com/find/?q=David+Mich%C3%B4d&s=nm,,,,,,,,,,,,,,,,,,,,,,MANUAL:c14d1da1ff5d52ad5833d2e47f5757992134df6c,,,,,,,,,,,,
David O. Russell,T3,Established,US/UK,Drama,"Biopic,Prestige drama",Mid,character-forward,,,,,,,,,,Seeded,2026-01-29,https://en.wikipedia.org/w/index.php?search=David+O.+Russell,https://www.imdb.com/find/?q=David+O.+Russell&s=nm,,,,,,,,,,,,,,,,,,,,,,MANUAL:fdc434a594e56a5467f1665acc3a5f5c525c7b4e,,,,,,,,,,,,
David Prior,T3,Established,US/Intl,Thriller/Mystery,"Crime/Heist,Drama",Low/Mid,"tense, grounded",,,,,,,,,,Seeded,2026-01-29,https://en.wikipedia.org/w/index.php?search=David+Prior,https://www.imdb.com/find/?q=David+Prior&s=nm,,,,,,,,,,,,,,,,,,,,,,MANUAL:69e6cff2effb98cbc20ac9439dbacc6b4d66be91,,,,,,,,,,,,
David Robert Mitchell,T3,Established (high output),US/Intl,Horror,Thriller/Mystery,Low/Mid,genre-forward,,,,,,,,,,Seeded,2026-01-29,https://en.wikipedia.org/w/index.php?search=David+Robert+Mitchell,https://www.imdb.com/find/?q=David+Robert+Mitchell&s=nm,,,,,,,,,,,,,,,,,,,,,,MANUAL:57bcb57168be6d4286faa734094bae0449a4d2b3,,,,,,,,,,,,
David Twohy,T3,Established (high output),US/Intl,Action,Thriller/Mystery,Mid/Studio,"efficient, propulsive",,,,,,,,,,Seeded,2026-01-29,https://en.wikipedia.org/w/index.php?search=David+Twohy,https://www.imdb.com/find/?q=David+Twohy&s=nm,,,,,,,,,,,,,,,,,,,,,,MANUAL:b729b6ebf0a5d5af3ea7c1d18a8e6dfde0ac0abf,,,,,,,,,,,,
David Wain,T3,Established (high output),US/Intl,Comedy,"Romantic comedy,Action-comedy",Low/Mid,"broad, commercial",,,,,,,,,,Seeded,2026-01-29,https://en.wikipedia.org/w/index.php?search=David+Wain,https://www.imdb.com/find/?q=David+Wain&s=nm,,,,,,,,,,,,,,,,,,,,,,MANUAL:2eaab3c07c84ee6e33d77934628b8c5a1cb560a3,,,,,,,,,,,,
David Yarovesky,T3,Established,US/Intl,Horror,Thriller/Mystery,Low/Mid,genre-forward,,,,,,,,,,Seeded,2026-01-29,https://en.wikipedia.org/w/index.php?search=David+Yarovesky,https://www.imdb.com/find/?q=David+Yarovesky&s=nm,,,,,,,,,,,,,,,,,,,,,,MANUAL:099c39389c5c1d79ecdbfb075734551e91030825,,,,,,,,,,,,
Dennis Dugan,T3,Established (high output),US/Intl,Comedy,"Romantic comedy,Action-comedy",Low/Mid,"broad, commercial",,,,,,,,,,Seeded,2026-01-29,https://en.wikipedia.org/w/index.php?search=Dennis+Dugan,https://www.imdb.com/find/?q=Dennis+Dugan&s=nm,,,,,,,,,,,,,,,,,,,,,,MANUAL:e229fc44a10a335b2bdba30dd58b64c8171f3c75,,,,,,,,,,,,
Denzel Washington,T3,Established,US/UK,Drama,"Biopic,Prestige drama",Mid,character-forward,,,,,,,,,,Seeded,2026-01-29,https://en.wikipedia.org/w/index.php?search=Denzel+Washington,https://www.imdb.com/find/?q=Denzel+Washington&s=nm,,,,,,,,,,,,,,,,,,,,,,MANUAL:84d6d3e8d5c72406b85df1c26c5f17028864eb45,,,,,,,,,,,,
Dexter Fletcher,T3,Established,US/Intl,Musical,"Drama,Comedy",Mid/Studio,music-driven,,,,,,,,,,Seeded,2026-01-29,https://en.wikipedia.org/w/index.php?search=Dexter+Fletcher,https://www.imdb.com/find/?q=Dexter+Fletcher&s=nm,,,,,,,,,,,,,,,,,,,,,,MANUAL:7af5d6fcabfe6a5c08c897acd1c3e3244a3b4bb6,,,,,,,,,,,,
Drew Goddard,T3,Established,US/Intl,Horror,Thriller/Mystery,Low/Mid,genre-forward,,,,,,,,,,Seeded,2026-01-29,https://en.wikipedia.org/w/index.php?search=Drew+Goddard,https://www.imdb.com/find/?q=Drew+Goddard&s=nm,,,,,,,,,,,,,,,,,,,,,,MANUAL:8090e39a85575877afc70459e9a787f51fc6427c,,,,,,,,,,,,
Garth Davis,T3,Established,US/UK,Drama,"Biopic,Prestige drama",Mid,character-forward,,,,,,,,,,Seeded,2026-01-29,https://en.wikipedia.org/w/index.php?search=Garth+Davis,https://www.imdb.com/find/?q=Garth+Davis&s=nm,,,,,,,,,,,,,,,,,,,,,,MANUAL:f4760f77eeb810558558244660f86ed7e1eec115,,,,,,,,,,,,
Gary Fleder,T3,Established (high output),US/Intl,Action,Thriller/Mystery,Mid/Studio,"efficient, propulsive",,,,,,,,,,Seeded,2026-01-29,https://en.wikipedia.org/w/index.php?search=Gary+Fleder,https://www.imdb.com/find/?q=Gary+Fleder&s=nm,,,,,,,,,,,,,,,,,,,,,,MANUAL:05ba447e6dcd7cb7e58e944595138e29486a0f0e,,,,,,,,,,,,
George Clooney,T3,Established,US/UK,Drama,"Biopic,Prestige drama",Mid,character-forward,,,,,,,,,,Seeded,2026-01-29,https://en.wikipedia.org/w/index.php?search=George+Clooney,https://www.imdb.com/find/?q=George+Clooney&s=nm,,,,,,,,,,,,,,,,,,,,,,MANUAL:312ad1e45a4bea4cf6f2f7d73c38943f467ac6a1,,,,,,,,,,,,
Gerard Johnstone,T3,Established (high output),US/Intl,Horror,Thriller/Mystery,Low/Mid,genre-forward,,,,,,,,,,Seeded,2026-01-29,https://en.wikipedia.org/w/index.php?search=Gerard+Johnstone,https://www.imdb.com/find/?q=Gerard+Johnstone&s=nm,,,,,,,,,,,,,,,,,,,,,,MANUAL:3879e100a7dd7eb2f4e9b3fcd6784d31356fb045,,,,,,,,,,,,
Greg Berlanti,T3,Established,US/UK,Romantic comedy,"Comedy,Drama",Mid/Studio,"warm, commercial",,,,,,,,,,Seeded,2026-01-29,https://en.wikipedia.org/w/index.php?search=Greg+Berlanti,https://www.imdb.com/find/?q=Greg+Berlanti&s=nm,,,,,,,,,,,,,,,,,,,,,,MANUAL:9e64852e34a650404387d2cf0486ed2c5858ad5b,,,,,,,,,,,,
Gregor Jordan,T3,Established,US/Intl,Horror,Thriller/Mystery,Low/Mid,genre-forward,,,,,,,,,,Seeded,2026-01-29,https://en.wikipedia.org/w/index.php?search=Gregor+Jordan,https://www.imdb.com/find/?q=Gregor+Jordan&s=nm,,,,,,,,,,,,,,,,,,,,,,MANUAL:a435d09da5bcdef1ee0a2b018b9fc1a267f35a6f,,,,,,,,,,,,
Hans Petter Moland,T3,Established,US/Intl,Horror,Thriller/Mystery,Low/Mid,genre-forward,,,,,,,,,,Seeded,2026-01-29,https://en.wikipedia.org/w/index.php?search=Hans+Petter+Moland,https://www.imdb.com/find/?q=Hans+Petter+Moland&s=nm,,,,,,,,,,,,,,,,,,,,,,MANUAL:f936f0675c565a9388391976dbda0935cd79bc2e,,,,,,,,,,,,
Ilya Naishuller,T3,Established (high output),US/Intl,Action,Thriller/Mystery,Mid/Studio,"efficient, propulsive",,,,,,,,,,Seeded,2026-01-29,https://en.wikipedia.org/w/index.php?search=Ilya+Naishuller,https://www.imdb.com/find/?q=Ilya+Naishuller&s=nm,,,,,,,,,,,,,,,,,,,,,,MANUAL:a9e9ec00586b4798e5d5499754bc4dd7c5ec31ee,,,,,,,,,,,,
Isaac Florentine,T3,Established (high output),US/Intl,Action,Thriller/Mystery,Mid/Studio,"efficient, propulsive",,,,,,,,,,Seeded,2026-01-29,https://en.wikipedia.org/w/index.php?search=Isaac+Florentine,https://www.imdb.com/find/?q=Isaac+Florentine&s=nm,,,,,,,,,,,,,,,,,,,,,,MANUAL:aaffb7fe482e5895a7ce165a9da1af7edb3e369b,,,,,,,,,,,,
J. Blakeson,T3,Established,US/Intl,Thriller/Mystery,"Crime/Heist,Drama",Low/Mid,"tense, grounded",,,,,,,,,,Seeded,2026-01-29,https://en.wikipedia.org/w/index.php?search=J.+Blakeson,https://www.imdb.com/find/?q=J.+Blakeson&s=nm,,,,,,,,,,,,,,,,,,,,,,MANUAL:541bdd0d0f2f2543985b35679d85789e83e15082,,,,,,,,,,,,
J. J. Perry,T3,Established (high output),US/Intl,Action,Thriller/Mystery,Mid/Studio,"efficient, propulsive",,,,,,,,,,Seeded,2026-01-29,https://en.wikipedia.org/w/index.php?search=J.+J.+Perry,https://www.imdb.com/find/?q=J.+J.+Perry&s=nm,,,,,,,,,,,,,,,,,,,,,,MANUAL:c3d1c8f75a79b641f7099354167ef6ab208afce4,,,,,,,,,,,,
Jake Szymanski,T3,Established (high output),US/Intl,Comedy,"Romantic comedy,Action-comedy",Low/Mid,"broad, commercial",,,,,,,,,,Seeded,2026-01-29,https://en.wikipedia.org/w/index.php?search=Jake+Szymanski,https://www.imdb.com/find/?q=Jake+Szymanski&s=nm,,,,,,,,,,,,,,,,,,,,,,MANUAL:0c15992f41bb615795ff985900c5c978320ad477,,,,,,,,,,,,
James Watkins,T3,Established,US/Intl,Thriller/Mystery,"Crime/Heist,Drama",Low/Mid,"tense, grounded",,,,,,,,,,Seeded,2026-01-29,https://en.wikipedia.org/w/index.php?search=James+Watkins,https://www.imdb.com/find/?q=James+Watkins&s=nm,,,,,,,,,,,,,,,,,,,,,,MANUAL:5283671ddf551601d66189364f06e1f3aa5b6358,,,,,,,,,,,,
Jason Bateman,T3,Established,US/UK,Drama,"Biopic,Prestige drama",Mid,character-forward,,,,,,,,,,Seeded,2026-01-29,https://en.wikipedia.org/w/index.php?search=Jason+Bateman,https://www.imdb.com/find/?q=Jason+Bateman&s=nm,,,,,,,,,,,,,,,,,,,,,,MANUAL:079e917ceeabd65502511ee6a1f32d86640d7be4,,,,,,,,,,,,
Jason Moore,T3,Established,US/UK,Romantic comedy,"Comedy,Drama",Mid/Studio,"warm, commercial",,,,,,,,,,Seeded,2026-01-29,https://en.wikipedia.org/w/index.php?search=Jason+Moore,https://www.imdb.com/find/?q=Jason+Moore&s=nm,,,,,,,,,,,,,,,,,,,,,,MANUAL:83004faad3c0f9c270ab2a7b2eaa32bcef78b4c2,,,,,,,,,,,,
Jay Roach,T3,Established,US/UK,Romantic comedy,"Comedy,Drama",Mid/Studio,"warm, commercial",,,,,,,,,,Seeded,2026-01-29,https://en.wikipedia.org/w/index.php?search=Jay+Roach,https://www.imdb.com/find/?q=Jay+Roach&s=nm,,,,,,,,,,,,,,,,,,,,,,MANUAL:7cd8e5345e4ae802231ae67746ba2e1fc1c9bd87,,,,,,,,,,,,
Jeff Wadlow,T3,Established (high output),US/Intl,Horror,Thriller/Mystery,Low/Mid,genre-forward,,,,,,,,,,Seeded,2026-01-29,https://en.wikipedia.org/w/index.php?search=Jeff+Wadlow,https://www.imdb.com/find/?q=Jeff+Wadlow&s=nm,,,,,,,,,,,,,,,,,,,,,,MANUAL:a5113251b221197e5ecab3b4cb1d1202624a3e2b,,,,,,,,,,,,
Jeremy Saulnier,T3,Established,US/Intl,Thriller/Mystery,"Crime/Heist,Drama",Low/Mid,"tense, grounded",,,,,,,,,,Seeded,2026-01-29,https://en.wikipedia.org/w/index.php?search=Jeremy+Saulnier,https://www.imdb.com/find/?q=Jeremy+Saulnier&s=nm,,,,,,,,,,,,,,,,,,,,,,MANUAL:df81941b243fd30564157d945125331b05453403,,,,,,,,,,,,
Jesse Peretz,T3,Established (high output),US/Intl,Comedy,"Romantic comedy,Action-comedy",Low/Mid,"broad, commercial",,,,,,,,,,Seeded,2026-01-29,https://en.wikipedia.org/w/index.php?search=Jesse+Peretz,https://www.imdb.com/find/?q=Jesse+Peretz&s=nm,,,,,,,,,,,,,,,,,,,,,,MANUAL:c1ba438583713ddeb63cb42d97ebb85c4548b4e4,,,,,,,,,,,,
Jesse V. Johnson,T3,Established (high output),US/Intl,Action,Thriller/Mystery,Mid/Studio,"efficient, propulsive",,,,,,,,,,Seeded,2026-01-29,https://en.wikipedia.org/w/index.php?search=Jesse+V.+Johnson,https://www.imdb.com/find/?q=Jesse+V.+Johnson&s=nm,,,,,,,,,,,,,,,,,,,,,,MANUAL:cb6f08594f7aad0574ec24f9828c7f12e851a568,,,,,,,,,,,,
Jim Gillespie,T3,Established,US/Intl,Horror,Thriller/Mystery,Low/Mid,genre-forward,,,,,,,,,,Seeded,2026-01-29,https://en.wikipedia.org/w/index.php?search=Jim+Gillespie,https://www.imdb.com/find/?q=Jim+Gillespie&s=nm,,,,,,,,,,,,,,,,,,,,,,MANUAL:47e5514bcbb693b19b99805843f87645daece3ba,,,,,,,,,,,,
Jim Mickle,T3,Established,US/Intl,Horror,Thriller/Mystery,Low/Mid,genre-forward,,,,,,,,,,Seeded,2026-01-29,https://en.wikipedia.org/w/index.php?search=Jim+Mickle,https://www.imdb.com/find/?q=Jim+Mickle&s=nm,,,,,,,,,,,,,,,,,,,,,,MANUAL:65c6dee0410a5fbf49c5935eb9c7d738becf3fb8,,,,,,,,,,,,
Joe Wright,T3,Established,US/UK,Drama,"Biopic,Prestige drama",Mid,character-forward,,,,,,,,,,Seeded,2026-01-29,https://en.wikipedia.org/w/index.php?search=Joe+Wright,https://www.imdb.com/find/?q=Joe+Wright&s=nm,,,,,,,,,,,,,,,,,,,,,,MANUAL:64cbbd9bc7d6df319e02616dd1ceb3bb0dc427f3,,,,,,,,,,,,
Johannes Roberts,T3,Established (high output),US/Intl,Horror,Thriller/Mystery,Low/Mid,genre-forward,,,,,,,,,,Seeded,2026-01-29,https://en.wikipedia.org/w/index.php?search=Johannes+Roberts,https://www.imdb.com/find/?q=Johannes+Roberts&s=nm,,,,,,,,,,,,,,,,,,,,,,MANUAL:44472fa5975fd52742ce07280a6323b594655097,,,,,,,,,,,,
John Carney,T3,Established,US/Intl,Musical,"Drama,Comedy",Mid/Studio,music-driven,,,,,,,,,,Seeded,2026-01-29,https://en.wikipedia.org/w/index.php?search=John+Carney,https://www.imdb.com/find/?q=John+Carney&s=nm,,,,,,,,,,,,,,,,,,,,,,MANUAL:5b6ba6fa5c324156f9e86376cf2617eeed01695a,,,,,,,,,,,,
John Crowley,T3,Established,US/UK,Drama,"Biopic,Prestige drama",Mid,character-forward,,,,,,,,,,Seeded,2026-01-29,https://en.wikipedia.org/w/index.php?search=John+Crowley,https://www.imdb.com/find/?q=John+Crowley&s=nm,,,,,,,,,,,,,,,,,,,,,,MANUAL:f5731b9ee119977eb6ee434946c6309c83860616,,,,,,,,,,,,
John Hamburg,T3,Established (high output),US/Intl,Comedy,"Romantic comedy,Action-comedy",Low/Mid,"broad, commercial",,,,,,,,,,Seeded,2026-01-29,https://en.wikipedia.org/w/index.php?search=John+Hamburg,https://www.imdb.com/find/?q=John+Hamburg&s=nm,,,,,,,,,,,,,,,,,,,,,,MANUAL:8f393c6485fb0f57a7e285569e18790ca270997f,,,,,,,,,,,,
John Hillcoat,T3,Established,US/Intl,Thriller/Mystery,"Crime/Heist,Drama",Low/Mid,"tense, grounded",,,,,,,,,,Seeded,2026-01-29,https://en.wikipedia.org/w/index.php?search=John+Hillcoat,https://www.imdb.com/find/?q=John+Hillcoat&s=nm,,,,,,,,,,,,,,,,,,,,,,MANUAL:3cd00e3d9c2d51d6abdfeb83656c7203fe7fc494,,,,,,,,,,,,
John Krasinski,T3,Established,US/Intl,Horror,Thriller/Mystery,Low/Mid,genre-forward,,,,,,,,,,Seeded,2026-01-29,https://en.wikipedia.org/w/index.php?search=John+Krasinski,https://www.imdb.com/find/?q=John+Krasinski&s=nm,,,,,,,,,,,,,,,,,,,,,,MANUAL:c9c038baad295fd047c5788bb5aac768f597a0c0,,,,,,,,,,,,
John Lee Hancock,T3,Established,US/UK,Drama,"Biopic,Prestige drama",Mid,character-forward,,,,,,,,,,Seeded,2026-01-29,https://en.wikipedia.org/w/index.php?search=John+Lee+Hancock,https://www.imdb.com/find/?q=John+Lee+Hancock&s=nm,,,,,,,,,,,,,,,,,,,,,,MANUAL:f0bbe950ee236f5bc70c1ac87953bdad8fde9d6f,,,,,,,,,,,,
John Madden,T3,Established,US/UK,Drama,"Biopic,Prestige drama",Mid,character-forward,,,,,,,,,,Seeded,2026-01-29,https://en.wikipedia.org/w/index.php?search=John+Madden,https://www.imdb.com/find/?q=John+Madden&s=nm,,,,,,,,,,,,,,,,,,,,,,MANUAL:2416929f3df639ed0d198dbec419fd9e207576b8,,,,,,,,,,,,
John Moore,T3,Established (high output),US/Intl,Action,Thriller/Mystery,Mid/Studio,"efficient, propulsive",,,,,,,,,,Seeded,2026-01-29,https://en.wikipedia.org/w/index.php?search=John+Moore,https://www.imdb.com/find/?q=John+Moore&s=nm,,,,,,,,,,,,,,,,,,,,,,MANUAL:c498464edf59ca7a5c0cc9f0d283ce11ed2e00a5,,,,,,,,,,,,
Jonathan Levine,T3,Established (high output),US/Intl,Comedy,"Romantic comedy,Action-comedy",Low/Mid,"broad, commercial",,,,,,,,,,Seeded,2026-01-29,https://en.wikipedia.org/w/index.php?search=Jonathan+Levine,https://www.imdb.com/find/?q=Jonathan+Levine&s=nm,,,,,,,,,,,,,,,,,,,,,,MANUAL:2ec7d84249f978c8d95bd1f4197114182223cdf6,,,,,,,,,,,,
Jonathan Mostow,T3,Established (high output),US/Intl,Action,Thriller/Mystery,Mid/Studio,"efficient, propulsive",,,,,,,,,,Seeded,2026-01-29,https://en.wikipedia.org/w/index.php?search=Jonathan+Mostow,https://www.imdb.com/find/?q=Jonathan+Mostow&s=nm,,,,,,,,,,,,,,,,,,,,,,MANUAL:af76271fc36e2275e25b3418fbfa85947a4d1667,,,,,,,,,,,,
Julius Avery,T3,Established (high output),US/Intl,Action,Thriller/Mystery,Mid/Studio,"efficient, propulsive",,,,,,,,,,Seeded,2026-01-29,https://en.wikipedia.org/w/index.php?search=Julius+Avery,https://www.imdb.com/find/?q=Julius+Avery&s=nm,,,,,,,,,,,,,,,,,,,,,,MANUAL:e57800af9396a43c2f43492e1bdd773d3aaa852f,,,,,,,,,,,,
Kay Cannon,T3,Established (high output),US/Intl,Comedy,"Romantic comedy,Action-comedy",Low/Mid,"broad, commercial",,,,,,,,,,Seeded,2026-01-29,https://en.wikipedia.org/w/index.php?search=Kay+Cannon,https://www.imdb.com/find/?q=Kay+Cannon&s=nm,,,,,,,,,,,,,,,,,,,,,,MANUAL:d4d7a066e1fb551e6d97424c81e0fac3dc5500a8,,,,,,,,,,,,
Ken Kwapis,T3,Established (high output),US/Intl,Comedy,"Romantic comedy,Action-comedy",Low/Mid,"broad, commercial",,,,,,,,,,Seeded,2026-01-29,https://en.wikipedia.org/w/index.php?search=Ken+Kwapis,https://www.imdb.com/find/?q=Ken+Kwapis&s=nm,,,,,,,,,,,,,,,,,,,,,,MANUAL:0c201cfe89ba25ea11f795dca0dbbe38eae60ac2,,,,,,,,,,,,
Kenneth Branagh,T3,Established,US/UK,Drama,"Biopic,Prestige drama",Mid,character-forward,,,,,,,,,,Seeded,2026-01-29,https://en.wikipedia.org/w/index.php?search=Kenneth+Branagh,https://www.imdb.com/find/?q=Kenneth+Branagh&s=nm,,,,,,,,,,,,,,,,,,,,,,MANUAL:38e44cddf76682fc6319762414fe6ea06074d0be,,,,,,,,,,,,
Kevin Macdonald,T3,Established (high output),US/Intl,Action,Thriller/Mystery,Mid/Studio,"efficient, propulsive",,,,,,,,,,Seeded,2026-01-29,https://en.wikipedia.org/w/index.php?search=Kevin+Macdonald,https://www.imdb.com/find/?q=Kevin+Macdonald&s=nm,,,,,,,,,,,,,,,,,,,,,,MANUAL:e5e5192bd0a485072b69e32eec1d0e15df6f7cfe,,,,,,,,,,,,
Kevin Smith,T3,Established,US/UK,Romantic comedy,"Comedy,Drama",Mid/Studio,"warm, commercial",,,,,,,,,,Seeded,2026-01-29,https://en.wikipedia.org/w/index.php?search=Kevin+Smith,https://www.imdb.com/find/?q=Kevin+Smith&s=nm,,,,,,,,,,,,,,,,,,,,,,MANUAL:e4ac2546105fd0efeea64f0fe3a3ee62da2b7c87,,,,,,,,,,,,
Lee Cronin,T3,Established (high output),US/Intl,Horror,Thriller/Mystery,Low/Mid,genre-forward,,,,,,,,,,Seeded,2026-01-29,https://en.wikipedia.org/w/index.php?search=Lee+Cronin,https://www.imdb.com/find/?q=Lee+Cronin&s=nm,,,,,,,,,,,,,,,,,,,,,,MANUAL:a3a67e675b655a94291b49389ea569ad03e44291,,,,,,,,,,,,
Leigh Janiak,T3,Established,US/Intl,Horror,Thriller/Mystery,Low/Mid,genre-forward,,,,,,,,,,Seeded,2026-01-29,https://en.wikipedia.org/w/index.php?search=Leigh+Janiak,https://www.imdb.com/find/?q=Leigh+Janiak&s=nm,,,,,,,,,,,,,,,,,,,,,,MANUAL:0ada98226a78756026e39cfa7def345cf055949e,,,,,,,,,,,,
Len Wiseman,T3,Established (high output),US/Intl,Action,Thriller/Mystery,Mid/Studio,"efficient, propulsive",,,,,,,,,,Seeded,2026-01-29,https://en.wikipedia.org/w/index.php?search=Len+Wiseman,https://www.imdb.com/find/?q=Len+Wiseman&s=nm,,,,,,,,,,,,,,,,,,,,,,MANUAL:e434b595d7003e13e1405daed14977e36d308cc0,,,,,,,,,,,,
Lexi Alexander,T3,Established (high output),US/Intl,Action,Thriller/Mystery,Mid/Studio,"efficient, propulsive",,,,,,,,,,Seeded,2026-01-29,https://en.wikipedia.org/w/index.php?search=Lexi+Alexander,https://www.imdb.com/find/?q=Lexi+Alexander&s=nm,,,,,,,,,,,,,,,,,,,,,,MANUAL:e3e478fe948f6b91348c8c31f02565e1aeb4d733,,,,,,,,,,,,
Malcolm D. Lee,T3,Established (high output),US/Intl,Comedy,"Romantic comedy,Action-comedy",Low/Mid,"broad, commercial",,,,,,,,,,Seeded,2026-01-29,https://en.wikipedia.org/w/index.php?search=Malcolm+D.+Lee,https://www.imdb.com/find/?q=Malcolm+D.+Lee&s=nm,,,,,,,,,,,,,,,,,,,,,,MANUAL:947e9eac486afa85da9b9d2d07964754f998890d,,,,,,,,,,,,
Marcus Nispel,T3,Established (high output),US/Intl,Horror,Thriller/Mystery,Low/Mid,genre-forward,,,,,,,,,,Seeded,2026-01-29,https://en.wikipedia.org/w/index.php?search=Marcus+Nispel,https://www.imdb.com/find/?q=Marcus+Nispel&s=nm,,,,,,,,,,,,,,,,,,,,,,MANUAL:27c9f595e4094d40f3881cd4818f978fef350daa,,,,,,,,,,,,
Mark Waters,T3,Established (high output),US/Intl,Comedy,"Romantic comedy,Action-comedy",Low/Mid,"broad, commercial",,,,,,,,,,Seeded,2026-01-29,https://en.wikipedia.org/w/index.php?search=Mark+Waters,https://www.imdb.com/find/?q=Mark+Waters&s=nm,,,,,,,,,,,,,,,,,,,,,,MANUAL:d7a9ccfbc3634a50733a20a2246a1c4a14b4d22d,,,,,,,,,,,,
McG,T3,Established (high output),US/Intl,Action,Thriller/Mystery,Mid/Studio,"efficient, propulsive",,,,,,,,,,Seeded,2026-01-29,https://en.wikipedia.org/w/index.php?search=McG,https://www.imdb.com/find/?q=McG&s=nm,,,,,,,,,,,,,,,,,,,,,,MANUAL:29e1104d9c121b7788e9df126671e542493252d1,,,,,,,,,,,,
Michael Dowse,T3,Established (high output),US/Intl,Comedy,"Romantic comedy,Action-comedy",Low/Mid,"broad, commercial",,,,,,,,,,Seeded,2026-01-29,https://en.wikipedia.org/w/index.php?search=Michael+Dowse,https://www.imdb.com/find/?q=Michael+Dowse&s=nm,,,,,,,,,,,,,,,,,,,,,,MANUAL:2a7dea93c4b3a818d9a1a73c0688687888bee295,,,,,,,,,,,,
Michael Gracey,T3,Established,US/Intl,Musical,"Drama,Comedy",Mid/Studio,music-driven,,,,,,,,,,Seeded,2026-01-29,https://en.wikipedia.org/w/index.php?search=Michael+Gracey,https://www.imdb.com/find/?q=Michael+Gracey&s=nm,,,,,,,,,,,,,,,,,,,,,,MANUAL:56e5be41a0e6ebb4c389a4eaad3163b9a9d14dbe,,,,,,,,,,,,
Michael Morris,T3,Established,US/UK,Romantic comedy,"Comedy,Drama",Mid/Studio,"warm, commercial",,,,,,,,,,Seeded,2026-01-29,https://en.wikipedia.org/w/index.php?search=Michael+Morris,https://www.imdb.com/find/?q=Michael+Morris&s=nm,,,,,,,,,,,,,,,,,,,,,,MANUAL:6db130a8c6e75f9f4f37e2a2f40cd668acf27718,,,,,,,,,,,,
Michael Showalter,T3,Established (high output),US/Intl,Comedy,"Romantic comedy,Action-comedy",Low/Mid,"broad, commercial",,,,,,,,,,Seeded,2026-01-29,https://en.wikipedia.org/w/index.php?search=Michael+Showalter,https://www.imdb.com/find/?q=Michael+Showalter&s=nm,,,,,,,,,,,,,,,,,,,,,,MANUAL:0c868cb079778862adbb1cbc4b71a3cc744765c8,,,,,,,,,,,,
Miguel Arteta,T3,Established (high output),US/Intl,Comedy,"Romantic comedy,Action-comedy",Low/Mid,"broad, commercial",,,,,,,,,,Seeded,2026-01-29,https://en.wikipedia.org/w/index.php?search=Miguel+Arteta,https://www.imdb.com/find/?q=Miguel+Arteta&s=nm,,,,,,,,,,,,,,,,,,,,,,MANUAL:f7d5e1956464d33df9391ee7cd3a191a5184f03a,,,,,,,,,,,,
Mike P. Nelson,T3,Established,US/Intl,Horror,Thriller/Mystery,Low/Mid,genre-forward,,,,,,,,,,Seeded,2026-01-29,https://en.wikipedia.org/w/index.php?search=Mike+P.+Nelson,https://www.imdb.com/find/?q=Mike+P.+Nelson&s=nm,,,,,,,,,,,,,,,,,,,,,,MANUAL:bb62e2238331892e912097f23cff5834aa802146,,,,,,,,,,,,
Nicholas Hytner,T3,Established,US/UK,Romantic comedy,"Comedy,Drama",Mid/Studio,"warm, commercial",,,,,,,,,,Seeded,2026-01-29,https://en.wikipedia.org/w/index.php?search=Nicholas+Hytner,https://www.imdb.com/find/?q=Nicholas+Hytner&s=nm,,,,,,,,,,,,,,,,,,,,,,MANUAL:938a1fc9361be4115181686cffadea722783900f,,,,,,,,,,,,
Nicolas Pesce,T3,Established (high output),US/Intl,Horror,Thriller/Mystery,Low/Mid,genre-forward,,,,,,,,,,Seeded,2026-01-29,https://en.wikipedia.org/w/index.php?search=Nicolas+Pesce,https://www.imdb.com/find/?q=Nicolas+Pesce&s=nm,,,,,,,,,,,,,,,,,,,,,,MANUAL:6fd7870bf9905868df8db76815c5fa7c2ab9605e,,,,,,,,,,,,
Nimród Antal,T3,Established (high output),US/Intl,Action,Thriller/Mystery,Mid/Studio,"efficient, propulsive",,,,,,,,,,Seeded,2026-01-29,https://en.wikipedia.org/w/index.php?search=Nimr%C3%B3d+Antal,https://www.imdb.com/find/?q=Nimr%C3%B3d+Antal&s=nm,,,,,,,,,,,,,,,,,,,,,,MANUAL:b961de451688707e4931c219762e4c1bb69f83f4,,,,,,,,,,,,
Nisha Ganatra,T3,Established (high output),US/Intl,Comedy,"Romantic comedy,Action-comedy",Low/Mid,"broad, commercial",,,,,,,,,,Seeded,2026-01-29,https://en.wikipedia.org/w/index.php?search=Nisha+Ganatra,https://www.imdb.com/find/?q=Nisha+Ganatra&s=nm,,,,,,,,,,,,,,,,,,,,,,MANUAL:16593bcd374af4536b7a17bba1fe74a2acef75c7,,,,,,,,,,,,
Olivier Megaton,T3,Established (high output),US/Intl,Action,Thriller/Mystery,Mid/Studio,"efficient, propulsive",,,,,,,,,,Seeded,2026-01-29,https://en.wikipedia.org/w/index.php?search=Olivier+Megaton,https://www.imdb.com/find/?q=Olivier+Megaton&s=nm,,,,,,,,,,,,,,,,,,,,,,MANUAL:fcf6f7e34f497b2fb81bf34f9d880677c5a34e8c,,,,,,,,,,,,
Omar Naim,T3,Established,US/Intl,Horror,Thriller/Mystery,Low/Mid,genre-forward,,,,,,,,,,Seeded,2026-01-29,https://en.wikipedia.org/w/index.php?search=Omar+Naim,https://www.imdb.com/find/?q=Omar+Naim&s=nm,,,,,,,,,,,,,,,,,,,,,,MANUAL:3de9d750e30c22ae95cfbc53cb3ce13a59cc99c9,,,,,,,,,,,,
Patrick Brice,T3,Established (high output),US/Intl,Horror,Thriller/Mystery,Low/Mid,genre-forward,,,,,,,,,,Seeded,2026-01-29,https://en.wikipedia.org/w/index.php?search=Patrick+Brice,https://www.imdb.com/find/?q=Patrick+Brice&s=nm,,,,,,,,,,,,,,,,,,,,,,MANUAL:73d630247ec6e81a9ad89f20adb0afd9ffa93ff3,,,,,,,,,,,,
Patrick Hughes,T3,Established (high output),US/Intl,Action,Thriller/Mystery,Mid/Studio,"efficient, propulsive",,,,,,,,,,Seeded,2026-01-29,https://en.wikipedia.org/w/index.php?search=Patrick+Hughes,https://www.imdb.com/find/?q=Patrick+Hughes&s=nm,,,,,,,,,,,,,,,,,,,,,,MANUAL:cde403a86957cfa5e09de01cb95205579cac1267,,,,,,,,,,,,
Paul McGuigan,T3,Established,US/Intl,Horror,Thriller/Mystery,Low/Mid,genre-forward,,,,,,,,,,Seeded,2026-01-29,https://en.wikipedia.org/w/index.php?search=Paul+McGuigan,https://www.imdb.com/find/?q=Paul+McGuigan&s=nm,,,,,,,,,,,,,,,,,,,,,,MANUAL:c6c426b4a3ba5d8633e5e169e1ff68ebf409dd9c,,,,,,,,,,,,
Paul Weitz,T3,Established (high output),US/Intl,Comedy,"Romantic comedy,Action-comedy",Low/Mid,"broad, commercial",,,,,,,,,,Seeded,2026-01-29,https://en.wikipedia.org/w/index.php?search=Paul+Weitz,https://www.imdb.com/find/?q=Paul+Weitz&s=nm,,,,,,,,,,,,,,,,,,,,,,MANUAL:7f7dddf612651dbaa0a4ab9afc2f9c96c628eaa2,,,,,,,,,,,,
Peter Farrelly,T3,Established (high output),US/Intl,Comedy,"Romantic comedy,Action-comedy",Low/Mid,"broad, commercial",,,,,,,,,,Seeded,2026-01-29,https://en.wikipedia.org/w/index.php?search=Peter+Farrelly,https://www.imdb.com/find/?q=Peter+Farrelly&s=nm,,,,,,,,,,,,,,,,,,,,,,MANUAL:c4cf317ac1eb8fad150e3258ff922c921b58f5b4,,,,,,,,,,,,
Peter Hedges,T3,Established,US/UK,Drama,"Biopic,Prestige drama",Mid,character-forward,,,,,,,,,,Seeded,2026-01-29,https://en.wikipedia.org/w/index.php?search=Peter+Hedges,https://www.imdb.com/find/?q=Peter+Hedges&s=nm,,,,,,,,,,,,,,,,,,,,,,MANUAL:11adca296e4db01c7f9b5056ce86c62c5c83c8c0,,,,,,,,,,,,
Peyton Reed,T3,Established,US/UK,Romantic comedy,"Comedy,Drama",Mid/Studio,"warm, commercial",,,,,,,,,,Seeded,2026-01-29,https://en.wikipedia.org/w/index.php?search=Peyton+Reed,https://www.imdb.com/find/?q=Peyton+Reed&s=nm,,,,,,,,,,,,,,,,,,,,,,MANUAL:7d81c98afb62048bd5fbfa76580a9c97f3d16cdd,,,,,,,,,,,,
Pierre Morel,T3,Established (high output),US/Intl,Action,Thriller/Mystery,Mid/Studio,"efficient, propulsive",,,,,,,,,,Seeded,2026-01-29,https://en.wikipedia.org/w/index.php?search=Pierre+Morel,https://www.imdb.com/find/?q=Pierre+Morel&s=nm,,,,,,,,,,,,,,,,,,,,,,MANUAL:6b168635936ef9ba3a7dd06473a1b9be3392903a,,,,,,,,,,,,
Ramin Bahrani,T3,Established,US/UK,Drama,"Biopic,Prestige drama",Mid,character-forward,,,,,,,,,,Seeded,2026-01-29,https://en.wikipedia.org/w/index.php?search=Ramin+Bahrani,https://www.imdb.com/find/?q=Ramin+Bahrani&s=nm,,,,,,,,,,,,,,,,,,,,,,MANUAL:1f0944128218638d85edacedb591bebb341c74cf,,,,,,,,,,,,
Rawson Marshall Thurber,T3,Established (high output),US/Intl,Comedy,"Romantic comedy,Action-comedy",Low/Mid,"broad, commercial",,,,,,,,,,Seeded,2026-01-29,https://en.wikipedia.org/w/index.php?search=Rawson+Marshall+Thurber,https://www.imdb.com/find/?q=Rawson+Marshall+Thurber&s=nm,,,,,,,,,,,,,,,,,,,,,,MANUAL:bf81c1c38d3b36301b67c9e6a4da974624bd7b59,,,,,,,,,,,,
Reginald Hudlin,T3,Established (high output),US/Intl,Comedy,"Romantic comedy,Action-comedy",Low/Mid,"broad, commercial",,,,,,,,,,Seeded,2026-01-29,https://en.wikipedia.org/w/index.php?search=Reginald+Hudlin,https://www.imdb.com/find/?q=Reginald+Hudlin&s=nm,,,,,,,,,,,,,,,,,,,,,,MANUAL:878a8d7f59bb64cf38d766e16d6c60f5fd07192b,,,,,,,,,,,,
Renny Harlin,T3,Established (high output),US/Intl,Horror,Thriller/Mystery,Low/Mid,genre-forward,,,,,,,,,,Seeded,2026-01-29,https://en.wikipedia.org/w/index.php?search=Renny+Harlin,https://www.imdb.com/find/?q=Renny+Harlin&s=nm,,,,,,,,,,,,,,,,,,,,,,MANUAL:7745104c80d9c2a1b1a32576e54f63df27b31a00,,,,,,,,,,,,
Ric Roman Waugh,T3,Established (high output),US/Intl,Action,Thriller/Mystery,Mid/Studio,"efficient, propulsive",,,,,,,,,,Seeded,2026-01-29,https://en.wikipedia.org/w/index.php?search=Ric+Roman+Waugh,https://www.imdb.com/find/?q=Ric+Roman+Waugh&s=nm,,,,,,,,,,,,,,,,,,,,,,MANUAL:0ee5e1e2036b7077fb75957f0f46b1928170d866,,,,,,,,,,,,
Richard Curtis,T3,Established,US/UK,Romantic comedy,"Comedy,Drama",Mid/Studio,"warm, commercial",,,,,,,,,,Seeded,2026-01-29,https://en.wikipedia.org/w/index.php?search=Richard+Curtis,https://www.imdb.com/find/?q=Richard+Curtis&s=nm,,,,,,,,,,,,,,,,,,,,,,MANUAL:819574c9bd945b8829185dbd0167affee3c7c7d4,,,,,,,,,,,,
Rob Marshall,T3,Established,US/UK,Drama,"Biopic,Prestige drama",Mid,character-forward,,,,,,,,,,Seeded,2026-01-29,https://en.wikipedia.org/w/index.php?search=Rob+Marshall,https://www.imdb.com/find/?q=Rob+Marshall&s=nm,,,,,,,,,,,,,,,,,,,,,,MANUAL:88f1a0950095fce819d139db16a093304afef875,,,,,,,,,,,,
Rob Savage,T3,Established (high output),US/Intl,Horror,Thriller/Mystery,Low/Mid,genre-forward,,,,,,,,,,Seeded,2026-01-29,https://en.wikipedia.org/w/index.php?search=Rob+Savage,https://www.imdb.com/find/?q=Rob+Savage&s=nm,,,,,,,,,,,,,,,,,,,,,,MANUAL:6e49962e4eb4e695885565f2328f28a108d8ed13,,,,,,,,,,,,
Robert Luketic,T3,Established,US/UK,Romantic comedy,"Comedy,Drama",Mid/Studio,"warm, commercial",,,,,,,,,,Seeded,2026-01-29,https://en.wikipedia.org/w/index.php?search=Robert+Luketic,https://www.imdb.com/find/?q=Robert+Luketic&s=nm,,,,,,,,,,,,,,,,,,,,,,MANUAL:75e36c3741d6e4b08baf9272eaed08a606f4652d,,,,,,,,,,,,
Roel Reiné,T3,Established (high output),US/Intl,Action,Thriller/Mystery,Mid/Studio,"efficient, propulsive",,,,,,,,,,Seeded,2026-01-29,https://en.wikipedia.org/w/index.php?search=Roel+Rein%C3%A9,https://www.imdb.com/find/?q=Roel+Rein%C3%A9&s=nm,,,,,,,,,,,,,,,,,,,,,,MANUAL:b664ece533dcf3a101585e490de816b4634daf53,,,,,,,,,,,,
Ron Howard,T3,Established,US/UK,Drama,"Biopic,Prestige drama",Mid,character-forward,,,,,,,,,,Seeded,2026-01-29,https://en.wikipedia.org/w/index.php?search=Ron+Howard,https://www.imdb.com/find/?q=Ron+Howard&s=nm,,,,,,,,,,,,,,,,,,,,,,MANUAL:67072dab5a12a3ab3d8e4ebb0685520c96d636fa,,,,,,,,,,,,
S. Craig Zahler,T3,Established,US/Intl,Thriller/Mystery,"Crime/Heist,Drama",Low/Mid,"tense, grounded",,,,,,,,,,Seeded,2026-01-29,https://en.wikipedia.org/w/index.php?search=S.+Craig+Zahler,https://www.imdb.com/find/?q=S.+Craig+Zahler&s=nm,,,,,,,,,,,,,,,,,,,,,,MANUAL:f7be9b651915ffac9ca0001243e647240ef01ce4,,,,,,,,,,,,
Sam Hargrave,T3,Established (high output),US/Intl,Action,Thriller/Mystery,Mid/Studio,"efficient, propulsive",,,,,,,,,,Seeded,2026-01-29,https://en.wikipedia.org/w/index.php?search=Sam+Hargrave,https://www.imdb.com/find/?q=Sam+Hargrave&s=nm,,,,,,,,,,,,,,,,,,,,,,MANUAL:0b510c318a51bfc7c288007c88ae5ad160f8be11,,,,,,,,,,,,
Sam Taylor-Johnson,T3,Established,US/UK,Drama,"Biopic,Prestige drama",Mid,character-forward,,,,,,,,,,Seeded,2026-01-29,https://en.wikipedia.org/w/index.php?search=Sam+Taylor-Johnson,https://www.imdb.com/find/?q=Sam+Taylor-Johnson&s=nm,,,,,,,,,,,,,,,,,,,,,,MANUAL:55450726d7550ac2e15ecdac5028266c30b1b378,,,,,,,,,,,,
Sanaa Hamri,T3,Established,US/Intl,Musical,"Drama,Comedy",Mid/Studio,music-driven,,,,,,,,,,Seeded,2026-01-29,https://en.wikipedia.org/w/index.php?search=Sanaa+Hamri,https://www.imdb.com/find/?q=Sanaa+Hamri&s=nm,,,,,,,,,,,,,,,,,,,,,,MANUAL:a14c421a05b09bad73552ef3570457023453021c,,,,,,,,,,,,
Scott Beck,T3,Established (high output),US/Intl,Horror,Thriller/Mystery,Low/Mid,genre-forward,,,,,,,,,,Seeded,2026-01-29,https://en.wikipedia.org/w/index.php?search=Scott+Beck,https://www.imdb.com/find/?q=Scott+Beck&s=nm,,,,,,,,,,,,,,,,,,,,,,MANUAL:2188101c48d7f2ccde3b1107eeeafd6802ed158a,,,,,,,,,,,,
Scott Cooper,T3,Established,US/Intl,Thriller/Mystery,"Crime/Heist,Drama",Low/Mid,"tense, grounded",,,,,,,,,,Seeded,2026-01-29,https://en.wikipedia.org/w/index.php?search=Scott+Cooper,https://www.imdb.com/find/?q=Scott+Cooper&s=nm,,,,,,,,,,,,,,,,,,,,,,MANUAL:9911f11f9367ced443edf9b3e62025595299fa38,,,,,,,,,,,,
Scott Stewart,T3,Established (high output),US/Intl,Horror,Thriller/Mystery,Low/Mid,genre-forward,,,,,,,,,,Seeded,2026-01-29,https://en.wikipedia.org/w/index.php?search=Scott+Stewart,https://www.imdb.com/find/?q=Scott+Stewart&s=nm,,,,,,,,,,,,,,,,,,,,,,MANUAL:28ce83091f9113c23bd91fcb2c17207170690731,,,,,,,,,,,,
Scott Waugh,T3,Established (high output),US/Intl,Action,Thriller/Mystery,Mid/Studio,"efficient, propulsive",,,,,,,,,,Seeded,2026-01-29,https://en.wikipedia.org/w/index.php?search=Scott+Waugh,https://www.imdb.com/find/?q=Scott+Waugh&s=nm,,,,,,,,,,,,,,,,,,,,,,MANUAL:b4d4532a390cfa6f33a6240f6ce9d072bfa5780c,,,,,,,,,,,,
Seth Gordon,T3,Established (high output),US/Intl,Comedy,"Romantic comedy,Action-comedy",Low/Mid,"broad, commercial",,,,,,,,,,Seeded,2026-01-29,https://en.wikipedia.org/w/index.php?search=Seth+Gordon,https://www.imdb.com/find/?q=Seth+Gordon&s=nm,,,,,,,,,,,,,,,,,,,,,,MANUAL:bf9321a64dc8c5cd412179c73a084db0cab2ff39,,,,,,,,,,,,
Severin Fiala,T3,Established,US/Intl,Horror,Thriller/Mystery,Low/Mid,genre-forward,,,,,,,,,,Seeded,2026-01-29,https://en.wikipedia.org/w/index.php?search=Severin+Fiala,https://www.imdb.com/find/?q=Severin+Fiala&s=nm,,,,,,,,,,,,,,,,,,,,,,MANUAL:31f690fa50a1b2da4a03b7714821c779fb670255,,,,,,,,,,,,
Simon West,T3,Established (high output),US/Intl,Action,Thriller/Mystery,Mid/Studio,"efficient, propulsive",,,,,,,,,,Seeded,2026-01-29,https://en.wikipedia.org/w/index.php?search=Simon+West,https://www.imdb.com/find/?q=Simon+West&s=nm,,,,,,,,,,,,,,,,,,,,,,MANUAL:1e369af3eb619e5a6ee5ff8bcbf6d3ef446fb63e,,,,,,,,,,,,
Stephen Sommers,T3,Established (high output),US/Intl,Horror,Thriller/Mystery,Low/Mid,genre-forward,,,,,,,,,,Seeded,2026-01-29,https://en.wikipedia.org/w/index.php?search=Stephen+Sommers,https://www.imdb.com/find/?q=Stephen+Sommers&s=nm,,,,,,,,,,,,,,,,,,,,,,MANUAL:ac190948bc6e2332799745ff50f341901feca285,,,,,,,,,,,,
Susanna Fogel,T3,Established (high output),US/Intl,Comedy,"Romantic comedy,Action-comedy",Low/Mid,"broad, commercial",,,,,,,,,,Seeded,2026-01-29,https://en.wikipedia.org/w/index.php?search=Susanna+Fogel,https://www.imdb.com/find/?q=Susanna+Fogel&s=nm,,,,,,,,,,,,,,,,,,,,,,MANUAL:08b9ee8d8df538502c733b0209043624cddbb511,,,,,,,,,,,,
Tamra Davis,T3,Established (high output),US/Intl,Comedy,"Romantic comedy,Action-comedy",Low/Mid,"broad, commercial",,,,,,,,,,Seeded,2026-01-29,https://en.wikipedia.org/w/index.php?search=Tamra+Davis,https://www.imdb.com/find/?q=Tamra+Davis&s=nm,,,,,,,,,,,,,,,,,,,,,,MANUAL:42eb15902043a0e62fb3b1ddaea162753cde625a,,,,,,,,,,,,
Taylor Sheridan,T3,Established,US/Intl,Thriller/Mystery,"Crime/Heist,Drama",Low/Mid,"tense, grounded",,,,,,,,,,Seeded,2026-01-29,https://en.wikipedia.org/w/index.php?search=Taylor+Sheridan,https://www.imdb.com/find/?q=Taylor+Sheridan&s=nm,,,,,,,,,,,,,,,,,,,,,,MANUAL:b7c985f36750c3e4ba0249d7dbf0d2cf37bc771b,,,,,,,,,,,,
Thea Sharrock,T3,Established,US/UK,Romantic comedy,"Comedy,Drama",Mid/Studio,"warm, commercial",,,,,,,,,,Seeded,2026-01-29,https://en.wikipedia.org/w/index.php?search=Thea+Sharrock,https://www.imdb.com/find/?q=Thea+Sharrock&s=nm,,,,,,,,,,,,,,,,,,,,,,MANUAL:1c646037f3adef1e07050ec57d5494bf1b123822,,,,,,,,,,,,
Theodore Melfi,T3,Established (high output),US/Intl,Comedy,"Romantic comedy,Action-comedy",Low/Mid,"broad, commercial",,,,,,,,,,Seeded,2026-01-29,https://en.wikipedia.org/w/index.php?search=Theodore+Melfi,https://www.imdb.com/find/?q=Theodore+Melfi&s=nm,,,,,,,,,,,,,,,,,,,,,,MANUAL:2b6b6bbf2e5ff13b4a169c612a121a638b3b8a61,,,,,,,,,,,,
Tim Story,T3,Established (high output),US/Intl,Comedy,"Romantic comedy,Action-comedy",Low/Mid,"broad, commercial",,,,,,,,,,Seeded,2026-01-29,https://en.wikipedia.org/w/index.php?search=Tim+Story,https://www.imdb.com/find/?q=Tim+Story&s=nm,,,,,,,,,,,,,,,,,,,,,,MANUAL:e6ce60ecc8005aa5f695851d8a3c22a43b6ab9da,,,,,,,,,,,,
Timur Bekmambetov,T3,Established (high output),US/Intl,Action,Thriller/Mystery,Mid/Studio,"efficient, propulsive",,,,,,,,,,Seeded,2026-01-29,https://en.wikipedia.org/w/index.php?search=Timur+Bekmambetov,https://www.imdb.com/find/?q=Timur+Bekmambetov&s=nm,,,,,,,,,,,,,,,,,,,,,,MANUAL:5c904b7f8d728c99f6d578d80f2401a61eb64e9d,,,,,,,,,,,,
Tom Gormican,T3,Established,US/UK,Romantic comedy,"Comedy,Drama",Mid/Studio,"warm, commercial",,,,,,,,,,Seeded,2026-01-29,https://en.wikipedia.org/w/index.php?search=Tom+Gormican,https://www.imdb.com/find/?q=Tom+Gormican&s=nm,,,,,,,,,,,,,,,,,,,,,,MANUAL:8ed5bb88019df13b749da677b59a8cbcc626587d,,,,,,,,,,,,
Tom Hooper,T3,Established,US/UK,Drama,"Biopic,Prestige drama",Mid,character-forward,,,,,,,,,,Seeded,2026-01-29,https://en.wikipedia.org/w/index.php?search=Tom+Hooper,https://www.imdb.com/find/?q=Tom+Hooper&s=nm,,,,,,,,,,,,,,,,,,,,,,MANUAL:d4d4a2541e065ef19938b558cf8fa3142f2e989f,,,,,,,,,,,,
Veronika Franz,T3,Established,US/Intl,Horror,Thriller/Mystery,Low/Mid,genre-forward,,,,,,,,,,Seeded,2026-01-29,https://en.wikipedia.org/w/index.php?search=Veronika+Franz,https://www.imdb.com/find/?q=Veronika+Franz&s=nm,,,,,,,,,,,,,,,,,,,,,,MANUAL:962594553f4a505561f3b54bee5e8e4da0979926,,,,,,,,,,,,
William Brent Bell,T3,Established (high output),US/Intl,Horror,Thriller/Mystery,Low/Mid,genre-forward,,,,,,,,,,Seeded,2026-01-29,https://en.wikipedia.org/w/index.php?search=William+Brent+Bell,https://www.imdb.com/find/?q=William+Brent+Bell&s=nm,,,,,,,,,,,,,,,,,,,,,,MANUAL:5d45ea76b6364760d64eb39669c9a8ee08633b5b,,,,,,,,,,,,
Alice Rohrwacher,T4,Selective,Intl/US,Prestige drama,Drama,Low/Mid,"auteur, intimate",,,,,,,,,,Seeded,2026-01-29,https://en.wikipedia.org/w/index.php?search=Alice+Rohrwacher,https://www.imdb.com/find/?q=Alice+Rohrwacher&s=nm,,,,,,,,,,,,,,,,,,,,,,MANUAL:41bdfeaa62d5fb8d90f66e5d77d6c2576904b8df,,,,,,,,,,,,
Ana Lily Amirpour,T4,Selective,Intl/US,Horror,"Thriller/Mystery,Prestige drama",Low/Mid,"bold, auteur",,,,,,,,,,Seeded,2026-01-29,https://en.wikipedia.org/w/index.php?search=Ana+Lily+Amirpour,https://www.imdb.com/find/?q=Ana+Lily+Amirpour&s=nm,,,,,,,,,,,,,,,,,,,,,,MANUAL:a26aeb389655928a09bfddce0eae23dcb61097fc,,,,,,,,,,,,
Andrea Arnold,T4,Selective,Intl/US,Prestige drama,Drama,Low/Mid,"auteur, intimate",,,,,,,,,,Seeded,2026-01-29,https://en.wikipedia.org/w/index.php?search=Andrea+Arnold,https://www.imdb.com/find/?q=Andrea+Arnold&s=nm,,,,,,,,,,,,,,,,,,,,,,MANUAL:98ec0d6aa8deb26712e80067ddb145f20a6a2b8c,,,,,,,,,,,,
Apichatpong Weerasethakul,T4,Selective,Intl/US,Prestige drama,Drama,Low/Mid,"auteur, intimate",,,,,,,,,,Seeded,2026-01-29,https://en.wikipedia.org/w/index.php?search=Apichatpong+Weerasethakul,https://www.imdb.com/find/?q=Apichatpong+Weerasethakul&s=nm,,,,,,,,,,,,,,,,,,,,,,MANUAL:6285942e8db7a8ecac93d85d1a2a793929eb9d8b,,,,,,,,,,,,
Benedict Andrews,T4,Selective,Intl/US,Prestige drama,Drama,Low/Mid,"auteur, intimate",,,,,,,,,,Seeded,2026-01-29,https://en.wikipedia.org/w/index.php?search=Benedict+Andrews,https://www.imdb.com/find/?q=Benedict+Andrews&s=nm,,,,,,,,,,,,,,,,,,,,,,MANUAL:57540936fc48fb1d106a228aaba12d2ac357e7f2,,,,,,,,,,,,
Brandon Cronenberg,T4,Selective,Intl/US,Horror,"Thriller/Mystery,Prestige drama",Low/Mid,"bold, auteur",,,,,,,,,,Seeded,2026-01-29,https://en.wikipedia.org/w/index.php?search=Brandon+Cronenberg,https://www.imdb.com/find/?q=Brandon+Cronenberg&s=nm,,,,,,,,,,,,,,,,,,,,,,MANUAL:c3f0edc3f0a93ec7400386ab0edfef2f2e28cef3,,,,,,,,,,,,
Béla Tarr,T4,Selective,Intl/US,Prestige drama,Drama,Low/Mid,"auteur, intimate",,,,,,,,,,Seeded,2026-01-29,https://en.wikipedia.org/w/index.php?search=B%C3%A9la+Tarr,https://www.imdb.com/find/?q=B%C3%A9la+Tarr&s=nm,,,,,,,,,,,,,,,,,,,,,,MANUAL:9331902997ef153b0f1b38f556c98685f62769c9,,,,,,,,,,,,
Claire Denis,T4,Selective,Intl/US,Prestige drama,Drama,Low/Mid,"auteur, intimate",,,,,,,,,,Seeded,2026-01-29,https://en.wikipedia.org/w/index.php?search=Claire+Denis,https://www.imdb.com/find/?q=Claire+Denis&s=nm,,,,,,,,,,,,,,,,,,,,,,MANUAL:b7a0e333b00016a9714afcbf77cf1003753b65be,,,,,,,,,,,,
Coralie Fargeat,T4,Selective,Intl/US,Horror,"Thriller/Mystery,Prestige drama",Low/Mid,"bold, auteur",,,,,,,,,,Seeded,2026-01-29,https://en.wikipedia.org/w/index.php?search=Coralie+Fargeat,https://www.imdb.com/find/?q=Coralie+Fargeat&s=nm,,,,,,,,,,,,,,,,,,,,,,MANUAL:778fb00c965c05d275e60b5410c7d694cb3de48f,,,,,,,,,,,,
Céline Sciamma,T4,Selective,Intl/US,Prestige drama,Drama,Low/Mid,"auteur, intimate",,,,,,,,,,Seeded,2026-01-29,https://en.wikipedia.org/w/index.php?search=C%C3%A9line+Sciamma,https://www.imdb.com/find/?q=C%C3%A9line+Sciamma&s=nm,,,,,,,,,,,,,,,,,,,,,,MANUAL:9ac5dfdf779dbb855f19b2135f64eb7dc8f14f3c,,,,,,,,,,,,
Debra Granik,T4,Selective,Intl/US,Prestige drama,Drama,Low/Mid,"auteur, intimate",,,,,,,,,,Seeded,2026-01-29,https://en.wikipedia.org/w/index.php?search=Debra+Granik,https://www.imdb.com/find/?q=Debra+Granik&s=nm,,,,,,,,,,,,,,,,,,,,,,MANUAL:9f834d35d4967f8361479c48fe9f867f58883733,,,,,,,,,,,,
Eliza Hittman,T4,Selective,Intl/US,Prestige drama,Drama,Low/Mid,"auteur, intimate",,,,,,,,,,Seeded,2026-01-29,https://en.wikipedia.org/w/index.php?search=Eliza+Hittman,https://www.imdb.com/find/?q=Eliza+Hittman&s=nm,,,,,,,,,,,,,,,,,,,,,,MANUAL:baa29aa12f6c0b71205f8491033efce349f31c0f,,,,,,,,,,,,
Issa López,T4,Selective,Intl/US,Horror,"Thriller/Mystery,Prestige drama",Low/Mid,"bold, auteur",,,,,,,,,,Seeded,2026-01-29,https://en.wikipedia.org/w/index.php?search=Issa+L%C3%B3pez,https://www.imdb.com/find/?q=Issa+L%C3%B3pez&s=nm,,,,,,,,,,,,,,,,,,,,,,MANUAL:0f19d55937fd5dbf093c9f98116ce7995f1f0ecc,,,,,,,,,,,,
Jeff Nichols,T4,Selective,Intl/US,Prestige drama,Drama,Low/Mid,"auteur, intimate",,,,,,,,,,Seeded,2026-01-29,https://en.wikipedia.org/w/index.php?search=Jeff+Nichols,https://www.imdb.com/find/?q=Jeff+Nichols&s=nm,,,,,,,,,,,,,,,,,,,,,,MANUAL:85fc5d79c6ee3e0c5a5c66578690be697a096961,,,,,,,,,,,,
Joachim Trier,T4,Selective,Intl/US,Prestige drama,Drama,Low/Mid,"auteur, intimate",,,,,,,,,,Seeded,2026-01-29,https://en.wikipedia.org/w/index.php?search=Joachim+Trier,https://www.imdb.com/find/?q=Joachim+Trier&s=nm,,,,,,,,,,,,,,,,,,,,,,MANUAL:b4388768d6385ee6bc90cb1997bf98cb87c66c10,,,,,,,,,,,,
Julia Ducournau,T4,Selective,Intl/US,Horror,"Thriller/Mystery,Prestige drama",Low/Mid,"bold, auteur",,,,,,,,,,Seeded,2026-01-29,https://en.wikipedia.org/w/index.php?search=Julia+Ducournau,https://www.imdb.com/find/?q=Julia+Ducournau&s=nm,,,,,,,,,,,,,,,,,,,,,,MANUAL:c800a4c98267623d75fca378fa3190ace80ba73c,,,,,,,,,,,,
Kelly Fremon Craig,T4,Selective,Intl/US,Prestige drama,Drama,Low/Mid,"auteur, intimate",,,,,,,,,,Seeded,2026-01-29,https://en.wikipedia.org/w/index.php?search=Kelly+Fremon+Craig,https://www.imdb.com/find/?q=Kelly+Fremon+Craig&s=nm,,,,,,,,,,,,,,,,,,,,,,MANUAL:491ed47978296559331e18342549d0cc9afb020d,,,,,,,,,,,,
Kelly Reichardt,T4,Selective,Intl/US,Prestige drama,Drama,Low/Mid,"auteur, intimate",,,,,,,,,,Seeded,2026-01-29,https://en.wikipedia.org/w/index.php?search=Kelly+Reichardt,https://www.imdb.com/find/?q=Kelly+Reichardt&s=nm,,,,,,,,,,,,,,,,,,,,,,MANUAL:ea0738a1d47fc723fb4362e2d40de2847703f813,,,,,,,,,,,,
Lucrecia Martel,T4,Selective,Intl/US,Prestige drama,Drama,Low/Mid,"auteur, intimate",,,,,,,,,,Seeded,2026-01-29,https://en.wikipedia.org/w/index.php?search=Lucrecia+Martel,https://www.imdb.com/find/?q=Lucrecia+Martel&s=nm,,,,,,,,,,,,,,,,,,,,,,MANUAL:b49e9a3c87d455500185f6553037f762d6e9f033,,,,,,,,,,,,
Lynne Ramsay,T4,Selective,Intl/US,Prestige drama,Drama,Low/Mid,"auteur, intimate",,,,,,,,,,Seeded,2026-01-29,https://en.wikipedia.org/w/index.php?search=Lynne+Ramsay,https://www.imdb.com/find/?q=Lynne+Ramsay&s=nm,,,,,,,,,,,,,,,,,,,,,,MANUAL:d452dbc4f435fe91f2f1525f09d396fb80feb197,,,,,,,,,,,,
Mia Hansen-Løve,T4,Selective,Intl/US,Prestige drama,Drama,Low/Mid,"auteur, intimate",,,,,,,,,,Seeded,2026-01-29,https://en.wikipedia.org/w/index.php?search=Mia+Hansen-L%C3%B8ve,https://www.imdb.com/find/?q=Mia+Hansen-L%C3%B8ve&s=nm,,,,,,,,,,,,,,,,,,,,,,MANUAL:e69de812dc9a57ff40e2bfc7c3172df20e067c33,,,,,,,,,,,,
Panos Cosmatos,T4,Selective,Intl/US,Horror,"Thriller/Mystery,Prestige drama",Low/Mid,"bold, auteur",,,,,,,,,,Seeded,2026-01-29,https://en.wikipedia.org/w/index.php?search=Panos+Cosmatos,https://www.imdb.com/find/?q=Panos+Cosmatos&s=nm,,,,,,,,,,,,,,,,,,,,,,MANUAL:c2b19d505a6bffeec90596f928b481f23d321dce,,,,,,,,,,,,
Prano Bailey-Bond,T4,Selective,Intl/US,Horror,"Thriller/Mystery,Prestige drama",Low/Mid,"bold, auteur",,,,,,,,,,Seeded,2026-01-29,https://en.wikipedia.org/w/index.php?search=Prano+Bailey-Bond,https://www.imdb.com/find/?q=Prano+Bailey-Bond&s=nm,,,,,,,,,,,,,,,,,,,,,,MANUAL:ae4d175ac5d25c47409dff58c4dec7741d08c58a,,,,,,,,,,,,
Rose Glass,T4,Selective,Intl/US,Horror,"Thriller/Mystery,Prestige drama",Low/Mid,"bold, auteur",,,,,,,,,,Seeded,2026-01-29,https://en.wikipedia.org/w/index.php?search=Rose+Glass,https://www.imdb.com/find/?q=Rose+Glass&s=nm,,,,,,,,,,,,,,,,,,,,,,MANUAL:285485b066f5644f67140fa2ff7f84a358278ae7,,,,,,,,,,,,
Ryusuke Hamaguchi,T4,Selective,Intl/US,Prestige drama,Drama,Low/Mid,"auteur, intimate",,,,,,,,,,Seeded,2026-01-29,https://en.wikipedia.org/w/index.php?search=Ryusuke+Hamaguchi,https://www.imdb.com/find/?q=Ryusuke+Hamaguchi&s=nm,,,,,,,,,,,,,,,,,,,,,,MANUAL:e2e92e68a4a616ae2c2e6ef52b9f2ea426b58754,,,,,,,,,,,,
Sean Baker,T4,Selective,Intl/US,Prestige drama,Drama,Low/Mid,"auteur, intimate",,,,,,,,,,Seeded,2026-01-29,https://en.wikipedia.org/w/index.php?search=Sean+Baker,https://www.imdb.com/find/?q=Sean+Baker&s=nm,,,,,,,,,,,,,,,,,,,,,,MANUAL:465a5071962a4c3a8120e261676d5bf9abcf1051,,,,,,,,,,,,
A. V. Rockwell,T5,Breakout,US/Intl,Drama,"Prestige drama,Thriller/Mystery",Low/Mid,voice-driven,,,,,,,,,,Seeded,2026-01-29,https://en.wikipedia.org/w/index.php?search=A.+V.+Rockwell,https://www.imdb.com/find/?q=A.+V.+Rockwell&s=nm,,,,,,,,,,,,,,,,,,,,,,MANUAL:0f77f499b6dd82df2d21e0509cc51dab199960d6,,,,,,,,,,,,
Alejandro Landes,T5,Breakout,Intl/US,Drama,Prestige drama,Low/Mid,voice-driven,,,,,,,,,,Seeded,2026-01-29,https://en.wikipedia.org/w/index.php?search=Alejandro+Landes,https://www.imdb.com/find/?q=Alejandro+Landes&s=nm,,,,,,,,,,,,,,,,,,,,,,MANUAL:986c046b9dd641bf234659494dac62656a7b3137,,,,,,,,,,,,
Anna Kendrick,T5,Breakout,US/UK,Comedy,Drama,Low/Mid,voice-driven,,,,,,,,,,Seeded,2026-01-29,https://en.wikipedia.org/w/index.php?search=Anna+Kendrick,https://www.imdb.com/find/?q=Anna+Kendrick&s=nm,,,,,,,,,,,,,,,,,,,,,,MANUAL:af1815cdc5d137f3f3861d6f574629977b0cc429,,,,,,,,,,,,
Beth de Araújo,T5,Breakout,US/UK,Comedy,Drama,Low/Mid,voice-driven,,,,,,,,,,Seeded,2026-01-29,https://en.wikipedia.org/w/index.php?search=Beth+de+Ara%C3%BAjo,https://www.imdb.com/find/?q=Beth+de+Ara%C3%BAjo&s=nm,,,,,,,,,,,,,,,,,,,,,,MANUAL:9d178ca4df71910ee4797f1c688de880928b41ae,,,,,,,,,,,,
Boots Riley,T5,Breakout,US/Intl,Drama,"Prestige drama,Thriller/Mystery",Low/Mid,voice-driven,,,,,,,,,,Seeded,2026-01-29,https://en.wikipedia.org/w/index.php?search=Boots+Riley,https://www.imdb.com/find/?q=Boots+Riley&s=nm,,,,,,,,,,,,,,,,,,,,,,MANUAL:f82c96ee85b78fb1e0ad57e96a4da87f044ef039,,,,,,,,,,,,
Brady Corbet,T5,Breakout,US/Intl,Drama,"Prestige drama,Thriller/Mystery",Low/Mid,voice-driven,,,,,,,,,,Seeded,2026-01-29,https://en.wikipedia.org/w/index.php?search=Brady+Corbet,https://www.imdb.com/find/?q=Brady+Corbet&s=nm,,,,,,,,,,,,,,,,,,,,,,MANUAL:6377ae5ab3264f47326019eedc088660804790eb,,,,,,,,,,,,
Cary Joji Fukunaga,T5,Breakout,Intl/US,Drama,Prestige drama,Low/Mid,voice-driven,,,,,,,,,,Seeded,2026-01-29,https://en.wikipedia.org/w/index.php?search=Cary+Joji+Fukunaga,https://www.imdb.com/find/?q=Cary+Joji+Fukunaga&s=nm,,,,,,,,,,,,,,,,,,,,,,MANUAL:a5db980e4ccaeff649b132cdbd1a6924d935cf45,,,,,,,,,,,,
Celine Song,T5,Breakout,US/Intl,Drama,"Prestige drama,Thriller/Mystery",Low/Mid,voice-driven,,,,,,,,,,Seeded,2026-01-29,https://en.wikipedia.org/w/index.php?search=Celine+Song,https://www.imdb.com/find/?q=Celine+Song&s=nm,,,,,,,,,,,,,,,,,,,,,,MANUAL:9c7002319ecb37181ead805564d6de316837220a,,,,,,,,,,,,
Chandler Levack,T5,Breakout,US/UK,Comedy,Drama,Low/Mid,voice-driven,,,,,,,,,,Seeded,2026-01-29,https://en.wikipedia.org/w/index.php?search=Chandler+Levack,https://www.imdb.com/find/?q=Chandler+Levack&s=nm,,,,,,,,,,,,,,,,,,,,,,MANUAL:0035593ed5aaf873e9f359058840c17ccca94c19,,,,,,,,,,,,
Charlotte Regan,T5,Breakout,Intl/US,Drama,Prestige drama,Low/Mid,voice-driven,,,,,,,,,,Seeded,2026-01-29,https://en.wikipedia.org/w/index.php?search=Charlotte+Regan,https://www.imdb.com/find/?q=Charlotte+Regan&s=nm,,,,,,,,,,,,,,,,,,,,,,MANUAL:3852803b26469adbe0f177ec8c02600f1f587f65,,,,,,,,,,,,
Charlotte Wells,T5,Breakout,US/Intl,Drama,"Prestige drama,Thriller/Mystery",Low/Mid,voice-driven,,,,,,,,,,Seeded,2026-01-29,https://en.wikipedia.org/w/index.php?search=Charlotte+Wells,https://www.imdb.com/find/?q=Charlotte+Wells&s=nm,,,,,,,,,,,,,,,,,,,,,,MANUAL:94786436d075ea9758a918a58b6a1fbca178d4f6,,,,,,,,,,,,
Chloe Domont,T5,Breakout,US/Intl,Drama,"Prestige drama,Thriller/Mystery",Low/Mid,voice-driven,,,,,,,,,,Seeded,2026-01-29,https://en.wikipedia.org/w/index.php?search=Chloe+Domont,https://www.imdb.com/find/?q=Chloe+Domont&s=nm,,,,,,,,,,,,,,,,,,,,,,MANUAL:30adb53a9c494f6c89a42daa7de60bae0a8d38fe,,,,,,,,,,,,
Chloé Okuno,T5,Breakout,US/Intl,Drama,"Prestige drama,Thriller/Mystery",Low/Mid,voice-driven,,,,,,,,,,Seeded,2026-01-29,https://en.wikipedia.org/w/index.php?search=Chlo%C3%A9+Okuno,https://www.imdb.com/find/?q=Chlo%C3%A9+Okuno&s=nm,,,,,,,,,,,,,,,,,,,,,,MANUAL:a3f00a8c4d25d9d21774a2b10a43967cab057d17,,,,,,,,,,,,
Cooper Raiff,T5,Breakout,Intl/US,Drama,Prestige drama,Low/Mid,voice-driven,,,,,,,,,,Seeded,2026-01-29,https://en.wikipedia.org/w/index.php?search=Cooper+Raiff,https://www.imdb.com/find/?q=Cooper+Raiff&s=nm,,,,,,,,,,,,,,,,,,,,,,MANUAL:eb8f2cd86e0ba93bf1e42bbb43fd93176903d497,,,,,,,,,,,,
Cord Jefferson,T5,Breakout,US/UK,Comedy,Drama,Low/Mid,voice-driven,,,,,,,,,,Seeded,2026-01-29,https://en.wikipedia.org/w/index.php?search=Cord+Jefferson,https://www.imdb.com/find/?q=Cord+Jefferson&s=nm,,,,,,,,,,,,,,,,,,,,,,MANUAL:59fa4ca0447bf39502e7b17a69567997c294ae97,,,,,,,,,,,,
Cory Finley,T5,Breakout,US/Intl,Drama,"Prestige drama,Thriller/Mystery",Low/Mid,voice-driven,,,,,,,,,,Seeded,2026-01-29,https://en.wikipedia.org/w/index.php?search=Cory+Finley,https://www.imdb.com/find/?q=Cory+Finley&s=nm,,,,,,,,,,,,,,,,,,,,,,MANUAL:2fffba44281674ae395e4771253e20e4ee035ac5,,,,,,,,,,,,
Daina O. Pusic,T5,Breakout,US/Intl,Drama,"Prestige drama,Thriller/Mystery",Low/Mid,voice-driven,,,,,,,,,,Seeded,2026-01-29,https://en.wikipedia.org/w/index.php?search=Daina+O.+Pusic,https://www.imdb.com/find/?q=Daina+O.+Pusic&s=nm,,,,,,,,,,,,,,,,,,,,,,MANUAL:49f81f3997eba082ff1aa346c8a9de33f5de15f9,,,,,,,,,,,,
Daniel Kwan,T5,Breakout,US/Intl,Drama,"Prestige drama,Thriller/Mystery",Low/Mid,voice-driven,,,,,,,,,,Seeded,2026-01-29,https://en.wikipedia.org/w/index.php?search=Daniel+Kwan,https://www.imdb.com/find/?q=Daniel+Kwan&s=nm,,,,,,,,,,,,,,,,,,,,,,MANUAL:a02e08f4645be770a9e347f8c2f208e57c066b2d,,,,,,,,,,,,
Daniel Scheinert,T5,Breakout,US/Intl,Drama,"Prestige drama,Thriller/Mystery",Low/Mid,voice-driven,,,,,,,,,,Seeded,2026-01-29,https://en.wikipedia.org/w/index.php?search=Daniel+Scheinert,https://www.imdb.com/find/?q=Daniel+Scheinert&s=nm,,,,,,,,,,,,,,,,,,,,,,MANUAL:578533ba1b5ac6bb4511906870416366e669abe9,,,,,,,,,,,,
Danny Philippou,T5,Breakout,US/Intl,Horror,Thriller/Mystery,Low,"fresh, high-concept",,,,,,,,,,Seeded,2026-01-29,https://en.wikipedia.org/w/index.php?search=Danny+Philippou,https://www.imdb.com/find/?q=Danny+Philippou&s=nm,,,,,,,,,,,,,,,,,,,,,,MANUAL:52b36ea661ebaf79dad41b0d46e50c766212bafd,,,,,,,,,,,,
Darius Marder,T5,Breakout,Intl/US,Drama,Prestige drama,Low/Mid,voice-driven,,,,,,,,,,Seeded,2026-01-29,https://en.wikipedia.org/w/index.php?search=Darius+Marder,https://www.imdb.com/find/?q=Darius+Marder&s=nm,,,,,,,,,,,,,,,,,,,,,,MANUAL:84d15b35955894431f2419898f14c6c25b0f23ea,,,,,,,,,,,,
Dave Green,T5,Breakout,US/UK,Comedy,Drama,Low/Mid,voice-driven,,,,,,,,,,Seeded,2026-01-29,https://en.wikipedia.org/w/index.php?search=Dave+Green,https://www.imdb.com/find/?q=Dave+Green&s=nm,,,,,,,,,,,,,,,,,,,,,,MANUAL:49c6932719bd4614241ad81295797c3b80f15708,,,,,,,,,,,,
David Gordon Green,T5,Breakout,Intl/US,Drama,Prestige drama,Low/Mid,voice-driven,,,,,,,,,,Seeded,2026-01-29,https://en.wikipedia.org/w/index.php?search=David+Gordon+Green,https://www.imdb.com/find/?q=David+Gordon+Green&s=nm,,,,,,,,,,,,,,,,,,,,,,MANUAL:f61073ee2ff77ca1b8010340362a26247c9707a3,,,,,,,,,,,,
Demian Rugna,T5,Breakout,US/Intl,Horror,Thriller/Mystery,Low,"fresh, high-concept",,,,,,,,,,Seeded,2026-01-29,https://en.wikipedia.org/w/index.php?search=Demian+Rugna,https://www.imdb.com/find/?q=Demian+Rugna&s=nm,,,,,,,,,,,,,,,,,,,,,,MANUAL:7d88789f29930ffd253ca8377bf782d17ca7fee2,,,,,,,,,,,,
Derek Cianfrance,T5,Breakout,Intl/US,Drama,Prestige drama,Low/Mid,voice-driven,,,,,,,,,,Seeded,2026-01-29,https://en.wikipedia.org/w/index.php?search=Derek+Cianfrance,https://www.imdb.com/find/?q=Derek+Cianfrance&s=nm,,,,,,,,,,,,,,,,,,,,,,MANUAL:42a155424522b490e1f088d089a83d24b84bd34c,,,,,,,,,,,,
Emma Seligman,T5,Breakout,US/UK,Comedy,Drama,Low/Mid,voice-driven,,,,,,,,,,Seeded,2026-01-29,https://en.wikipedia.org/w/index.php?search=Emma+Seligman,https://www.imdb.com/find/?q=Emma+Seligman&s=nm,,,,,,,,,,,,,,,,,,,,,,MANUAL:02bf630d2c6e8b3bd345ecfad55229cb219435d2,,,,,,,,,,,,
Emma Tammi,T5,Breakout,US/Intl,Drama,"Prestige drama,Thriller/Mystery",Low/Mid,voice-driven,,,,,,,,,,Seeded,2026-01-29,https://en.wikipedia.org/w/index.php?search=Emma+Tammi,https://www.imdb.com/find/?q=Emma+Tammi&s=nm,,,,,,,,,,,,,,,,,,,,,,MANUAL:a1d77cf547a9db5720c351dee84186de1989d921,,,,,,,,,,,,
Florian Zeller,T5,Breakout,Intl/US,Drama,Prestige drama,Low/Mid,voice-driven,,,,,,,,,,Seeded,2026-01-29,https://en.wikipedia.org/w/index.php?search=Florian+Zeller,https://www.imdb.com/find/?q=Florian+Zeller&s=nm,,,,,,,,,,,,,,,,,,,,,,MANUAL:bb10dd4047e5b06fff33b297b38fbf376758053c,,,,,,,,,,,,
Fran Kranz,T5,Breakout,US/Intl,Drama,"Prestige drama,Thriller/Mystery",Low/Mid,voice-driven,,,,,,,,,,Seeded,2026-01-29,https://en.wikipedia.org/w/index.php?search=Fran+Kranz,https://www.imdb.com/find/?q=Fran+Kranz&s=nm,,,,,,,,,,,,,,,,,,,,,,MANUAL:2591c16d05c714297461ed17e103d321ad3e5845,,,,,,,,,,,,
Georgia Oakley,T5,Breakout,US/Intl,Drama,"Prestige drama,Thriller/Mystery",Low/Mid,voice-driven,,,,,,,,,,Seeded,2026-01-29,https://en.wikipedia.org/w/index.php?search=Georgia+Oakley,https://www.imdb.com/find/?q=Georgia+Oakley&s=nm,,,,,,,,,,,,,,,,,,,,,,MANUAL:549fa2bc6002b8af49a95a4f21bbf47052b7fe1f,,,,,,,,,,,,
Gigi Saul Guerrero,T5,Breakout,US/Intl,Horror,Thriller/Mystery,Low,"fresh, high-concept",,,,,,,,,,Seeded,2026-01-29,https://en.wikipedia.org/w/index.php?search=Gigi+Saul+Guerrero,https://www.imdb.com/find/?q=Gigi+Saul+Guerrero&s=nm,,,,,,,,,,,,,,,,,,,,,,MANUAL:efe2d44063c97dc8985abccfe25f32b8e15f7551,,,,,,,,,,,,
Iryna Tsilyk,T5,Breakout,Intl/US,Drama,Prestige drama,Low/Mid,voice-driven,,,,,,,,,,Seeded,2026-01-29,https://en.wikipedia.org/w/index.php?search=Iryna+Tsilyk,https://www.imdb.com/find/?q=Iryna+Tsilyk&s=nm,,,,,,,,,,,,,,,,,,,,,,MANUAL:e666cf78c61b2b561daea46089e272994b06cec4,,,,,,,,,,,,
Jane Schoenbrun,T5,Breakout,US/Intl,Drama,"Prestige drama,Thriller/Mystery",Low/Mid,voice-driven,,,,,,,,,,Seeded,2026-01-29,https://en.wikipedia.org/w/index.php?search=Jane+Schoenbrun,https://www.imdb.com/find/?q=Jane+Schoenbrun&s=nm,,,,,,,,,,,,,,,,,,,,,,MANUAL:164a4d5d622ed0839b1c7998e3abfd6f75902413,,,,,,,,,,,,
Janicza Bravo,T5,Breakout,US/Intl,Drama,"Prestige drama,Thriller/Mystery",Low/Mid,voice-driven,,,,,,,,,,Seeded,2026-01-29,https://en.wikipedia.org/w/index.php?search=Janicza+Bravo,https://www.imdb.com/find/?q=Janicza+Bravo&s=nm,,,,,,,,,,,,,,,,,,,,,,MANUAL:0d751f73012189603fa85b56feaf2fd2a2904c21,,,,,,,,,,,,
Josephine Decker,T5,Breakout,Intl/US,Drama,Prestige drama,Low/Mid,voice-driven,,,,,,,,,,Seeded,2026-01-29,https://en.wikipedia.org/w/index.php?search=Josephine+Decker,https://www.imdb.com/find/?q=Josephine+Decker&s=nm,,,,,,,,,,,,,,,,,,,,,,MANUAL:25bf3571023eae0837e4d9c9f3b9c7d1bb74414f,,,,,,,,,,,,
Juel Taylor,T5,Breakout,US/Intl,Drama,"Prestige drama,Thriller/Mystery",Low/Mid,voice-driven,,,,,,,,,,Seeded,2026-01-29,https://en.wikipedia.org/w/index.php?search=Juel+Taylor,https://www.imdb.com/find/?q=Juel+Taylor&s=nm,,,,,,,,,,,,,,,,,,,,,,MANUAL:02ffd925df0feaf6f8dae2fc58d6ef4ab258aa8a,,,,,,,,,,,,
Julio Torres,T5,Breakout,US/UK,Comedy,Drama,Low/Mid,voice-driven,,,,,,,,,,Seeded,2026-01-29,https://en.wikipedia.org/w/index.php?search=Julio+Torres,https://www.imdb.com/find/?q=Julio+Torres&s=nm,,,,,,,,,,,,,,,,,,,,,,MANUAL:9aa6db5a904d48ebcbf1c737c9104cc3835513a8,,,,,,,,,,,,
Kitty Green,T5,Breakout,US/Intl,Drama,"Prestige drama,Thriller/Mystery",Low/Mid,voice-driven,,,,,,,,,,Seeded,2026-01-29,https://en.wikipedia.org/w/index.php?search=Kitty+Green,https://www.imdb.com/find/?q=Kitty+Green&s=nm,,,,,,,,,,,,,,,,,,,,,,MANUAL:2097a5eefdd32f1573d9911eb8abd5eb2c6f80c9,,,,,,,,,,,,
Kogonada,T5,Breakout,US/Intl,Drama,"Prestige drama,Thriller/Mystery",Low/Mid,voice-driven,,,,,,,,,,Seeded,2026-01-29,https://en.wikipedia.org/w/index.php?search=Kogonada,https://www.imdb.com/find/?q=Kogonada&s=nm,,,,,,,,,,,,,,,,,,,,,,MANUAL:53d5230a0971d22c11be601ea5a89c8b512a3ed9,,,,,,,,,,,,
Kris Rey,T5,Breakout,US/Intl,Horror,Thriller/Mystery,Low,"fresh, high-concept",,,,,,,,,,Seeded,2026-01-29,https://en.wikipedia.org/w/index.php?search=Kris+Rey,https://www.imdb.com/find/?q=Kris+Rey&s=nm,,,,,,,,,,,,,,,,,,,,,,MANUAL:6ec34d64c804c0f0fa875ea0758754b7eca21d29,,,,,,,,,,,,
Lee Isaac Chung,T5,Breakout,US/Intl,Drama,"Prestige drama,Thriller/Mystery",Low/Mid,voice-driven,,,,,,,,,,Seeded,2026-01-29,https://en.wikipedia.org/w/index.php?search=Lee+Isaac+Chung,https://www.imdb.com/find/?q=Lee+Isaac+Chung&s=nm,,,,,,,,,,,,,,,,,,,,,,MANUAL:c23a9aa4e3272e79789e6fa09b4f7bd94503f390,,,,,,,,,,,,
Lenny Abrahamson,T5,Breakout,Intl/US,Drama,Prestige drama,Low/Mid,voice-driven,,,,,,,,,,Seeded,2026-01-29,https://en.wikipedia.org/w/index.php?search=Lenny+Abrahamson,https://www.imdb.com/find/?q=Lenny+Abrahamson&s=nm,,,,,,,,,,,,,,,,,,,,,,MANUAL:3e8f8dbff3ee258aa39f8903dc283fb79e64c2f4,,,,,,,,,,,,
Lila Avilés,T5,Breakout,Intl/US,Drama,Prestige drama,Low/Mid,voice-driven,,,,,,,,,,Seeded,2026-01-29,https://en.wikipedia.org/w/index.php?search=Lila+Avil%C3%A9s,https://www.imdb.com/find/?q=Lila+Avil%C3%A9s&s=nm,,,,,,,,,,,,,,,,,,,,,,MANUAL:05bbc6781c5b3bc5673250c462e043bce362ef6e,,,,,,,,,,,,
Lila Neugebauer,T5,Breakout,US/Intl,Drama,"Prestige drama,Thriller/Mystery",Low/Mid,voice-driven,,,,,,,,,,Seeded,2026-01-29,https://en.wikipedia.org/w/index.php?search=Lila+Neugebauer,https://www.imdb.com/find/?q=Lila+Neugebauer&s=nm,,,,,,,,,,,,,,,,,,,,,,MANUAL:2c43311dfa8a9d8f2613c6c2b703017f5eae9603,,,,,,,,,,,,
Lulu Wang,T5,Breakout,US/Intl,Drama,"Prestige drama,Thriller/Mystery",Low/Mid,voice-driven,,,,,,,,,,Seeded,2026-01-29,https://en.wikipedia.org/w/index.php?search=Lulu+Wang,https://www.imdb.com/find/?q=Lulu+Wang&s=nm,,,,,,,,,,,,,,,,,,,,,,MANUAL:afba8110db2a90641bd97b103b4fc0cef1b58fe3,,,,,,,,,,,,
Maggie Gyllenhaal,T5,Breakout,US/Intl,Drama,"Prestige drama,Thriller/Mystery",Low/Mid,voice-driven,,,,,,,,,,Seeded,2026-01-29,https://en.wikipedia.org/w/index.php?search=Maggie+Gyllenhaal,https://www.imdb.com/find/?q=Maggie+Gyllenhaal&s=nm,,,,,,,,,,,,,,,,,,,,,,MANUAL:4c0ef740cb69c275d2e5d0b9365511759ec5010a,,,,,,,,,,,,
Malcolm Washington,T5,Breakout,US/UK,Comedy,Drama,Low/Mid,voice-driven,,,,,,,,,,Seeded,2026-01-29,https://en.wikipedia.org/w/index.php?search=Malcolm+Washington,https://www.imdb.com/find/?q=Malcolm+Washington&s=nm,,,,,,,,,,,,,,,,,,,,,,MANUAL:50ba390b1080b504e11076a198542c4df3a10ff4,,,,,,,,,,,,
Maria Schrader,T5,Breakout,US/Intl,Drama,"Prestige drama,Thriller/Mystery",Low/Mid,voice-driven,,,,,,,,,,Seeded,2026-01-29,https://en.wikipedia.org/w/index.php?search=Maria+Schrader,https://www.imdb.com/find/?q=Maria+Schrader&s=nm,,,,,,,,,,,,,,,,,,,,,,MANUAL:128a0949ed0c0ba272ebe3d1f7b1d8d48ef33a08,,,,,,,,,,,,
Mark Mylod,T5,Breakout,US/Intl,Drama,"Prestige drama,Thriller/Mystery",Low/Mid,voice-driven,,,,,,,,,,Seeded,2026-01-29,https://en.wikipedia.org/w/index.php?search=Mark+Mylod,https://www.imdb.com/find/?q=Mark+Mylod&s=nm,,,,,,,,,,,,,,,,,,,,,,MANUAL:382289e1acde48637698cbd308f29beaa701e6fe,,,,,,,,,,,,
Michael Philippou,T5,Breakout,US/Intl,Horror,Thriller/Mystery,Low,"fresh, high-concept",,,,,,,,,,Seeded,2026-01-29,https://en.wikipedia.org/w/index.php?search=Michael+Philippou,https://www.imdb.com/find/?q=Michael+Philippou&s=nm,,,,,,,,,,,,,,,,,,,,,,MANUAL:385f3d7036f835b0f737026a01d1c4c2082a8fff,,,,,,,,,,,,
Molly Manning Walker,T5,Breakout,US/Intl,Drama,"Prestige drama,Thriller/Mystery",Low/Mid,voice-driven,,,,,,,,,,Seeded,2026-01-29,https://en.wikipedia.org/w/index.php?search=Molly+Manning+Walker,https://www.imdb.com/find/?q=Molly+Manning+Walker&s=nm,,,,,,,,,,,,,,,,,,,,,,MANUAL:0c41d5eb3e527d024fdaf0e70396e2ea057bfc37,,,,,,,,,,,,
Natasha Kermani,T5,Breakout,US/Intl,Horror,Thriller/Mystery,Low,"fresh, high-concept",,,,,,,,,,Seeded,2026-01-29,https://en.wikipedia.org/w/index.php?search=Natasha+Kermani,https://www.imdb.com/find/?q=Natasha+Kermani&s=nm,,,,,,,,,,,,,,,,,,,,,,MANUAL:18bc8b32f6f2f36ac36b994c12d0b153cc27a1bf,,,,,,,,,,,,
Nia DaCosta,T5,Breakout,US/Intl,Drama,"Prestige drama,Thriller/Mystery",Low/Mid,voice-driven,,,,,,,,,,Seeded,2026-01-29,https://en.wikipedia.org/w/index.php?search=Nia+DaCosta,https://www.imdb.com/find/?q=Nia+DaCosta&s=nm,,,,,,,,,,,,,,,,,,,,,,MANUAL:3e4693a0f18f7003597fc50f85fa3f976dfbd49f,,,,,,,,,,,,
Nida Manzoor,T5,Breakout,US/UK,Comedy,Drama,Low/Mid,voice-driven,,,,,,,,,,Seeded,2026-01-29,https://en.wikipedia.org/w/index.php?search=Nida+Manzoor,https://www.imdb.com/find/?q=Nida+Manzoor&s=nm,,,,,,,,,,,,,,,,,,,,,,MANUAL:9c12e850f4c6a6d108876c38a7e02382111fe9b2,,,,,,,,,,,,
Nisha Pahuja,T5,Breakout,Intl/US,Drama,Prestige drama,Low/Mid,voice-driven,,,,,,,,,,Seeded,2026-01-29,https://en.wikipedia.org/w/index.php?search=Nisha+Pahuja,https://www.imdb.com/find/?q=Nisha+Pahuja&s=nm,,,,,,,,,,,,,,,,,,,,,,MANUAL:b8736cf0a05ecf9b60570c8fa921b3e1ccead7f2,,,,,,,,,,,,
Nora Fingscheidt,T5,Breakout,Intl/US,Drama,Prestige drama,Low/Mid,voice-driven,,,,,,,,,,Seeded,2026-01-29,https://en.wikipedia.org/w/index.php?search=Nora+Fingscheidt,https://www.imdb.com/find/?q=Nora+Fingscheidt&s=nm,,,,,,,,,,,,,,,,,,,,,,MANUAL:7fe4788bbd09a4937039069c8b92babe7e1bd4b0,,,,,,,,,,,,
Olivia Wilde,T5,Breakout,US/Intl,Drama,"Prestige drama,Thriller/Mystery",Low/Mid,voice-driven,,,,,,,,,,Seeded,2026-01-29,https://en.wikipedia.org/w/index.php?search=Olivia+Wilde,https://www.imdb.com/find/?q=Olivia+Wilde&s=nm,,,,,,,,,,,,,,,,,,,,,,MANUAL:52372de5dffa5831088405381ac2de729e640011,,,,,,,,,,,,
Parker Finn,T5,Breakout,US/Intl,Horror,Thriller/Mystery,Low,"fresh, high-concept",,,,,,,,,,Seeded,2026-01-29,https://en.wikipedia.org/w/index.php?search=Parker+Finn,https://www.imdb.com/find/?q=Parker+Finn&s=nm,,,,,,,,,,,,,,,,,,,,,,MANUAL:345ddfa1ad323efaa47fb36c455f94d5d7aded71,,,,,,,,,,,,
Raine Allen-Miller,T5,Breakout,US/Intl,Drama,"Prestige drama,Thriller/Mystery",Low/Mid,voice-driven,,,,,,,,,,Seeded,2026-01-29,https://en.wikipedia.org/w/index.php?search=Raine+Allen-Miller,https://www.imdb.com/find/?q=Raine+Allen-Miller&s=nm,,,,,,,,,,,,,,,,,,,,,,MANUAL:cfb353c6ffea6d96d481d096cc4b50a6cdf764bd,,,,,,,,,,,,
Raven Jackson,T5,Breakout,US/Intl,Drama,"Prestige drama,Thriller/Mystery",Low/Mid,voice-driven,,,,,,,,,,Seeded,2026-01-29,https://en.wikipedia.org/w/index.php?search=Raven+Jackson,https://www.imdb.com/find/?q=Raven+Jackson&s=nm,,,,,,,,,,,,,,,,,,,,,,MANUAL:fb5a24e94c86ce8297e928bf499af68f3bcbc08d,,,,,,,,,,,,
Rebecca Hall,T5,Breakout,US/Intl,Drama,"Prestige drama,Thriller/Mystery",Low/Mid,voice-driven,,,,,,,,,,Seeded,2026-01-29,https://en.wikipedia.org/w/index.php?search=Rebecca+Hall,https://www.imdb.com/find/?q=Rebecca+Hall&s=nm,,,,,,,,,,,,,,,,,,,,,,MANUAL:34fff44a9d0bae2f3a64e58c542abb4e72364e43,,,,,,,,,,,,
Remi Weekes,T5,Breakout,US/Intl,Horror,Thriller/Mystery,Low,"fresh, high-concept",,,,,,,,,,Seeded,2026-01-29,https://en.wikipedia.org/w/index.php?search=Remi+Weekes,https://www.imdb.com/find/?q=Remi+Weekes&s=nm,,,,,,,,,,,,,,,,,,,,,,MANUAL:91f707e56808032e0ab4a6f67f32adb74453f0b3,,,,,,,,,,,,
Ritesh Batra,T5,Breakout,Intl/US,Drama,Prestige drama,Low/Mid,voice-driven,,,,,,,,,,Seeded,2026-01-29,https://en.wikipedia.org/w/index.php?search=Ritesh+Batra,https://www.imdb.com/find/?q=Ritesh+Batra&s=nm,,,,,,,,,,,,,,,,,,,,,,MANUAL:1963517ae835925bff2dff36158ea20243d27703,,,,,,,,,,,,
Rungano Nyoni,T5,Breakout,Intl/US,Drama,Prestige drama,Low/Mid,voice-driven,,,,,,,,,,Seeded,2026-01-29,https://en.wikipedia.org/w/index.php?search=Rungano+Nyoni,https://www.imdb.com/find/?q=Rungano+Nyoni&s=nm,,,,,,,,,,,,,,,,,,,,,,MANUAL:4f29ed226528c50f1f37a108940990f3f5a177d5,,,,,,,,,,,,
S. S. Rajamouli,T5,Breakout,US/Intl,Drama,"Prestige drama,Thriller/Mystery",Low/Mid,voice-driven,,,,,,,,,,Seeded,2026-01-29,https://en.wikipedia.org/w/index.php?search=S.+S.+Rajamouli,https://www.imdb.com/find/?q=S.+S.+Rajamouli&s=nm,,,,,,,,,,,,,,,,,,,,,,MANUAL:70deacc37843c80513c889127ec6d788ab065b7b,,,,,,,,,,,,
Saim Sadiq,T5,Breakout,Intl/US,Drama,Prestige drama,Low/Mid,voice-driven,,,,,,,,,,Seeded,2026-01-29,https://en.wikipedia.org/w/index.php?search=Saim+Sadiq,https://www.imdb.com/find/?q=Saim+Sadiq&s=nm,,,,,,,,,,,,,,,,,,,,,,MANUAL:8c7920a195f57b57fe92e47e425b0388a2ae354c,,,,,,,,,,,,
Savanah Leaf,T5,Breakout,US/Intl,Drama,"Prestige drama,Thriller/Mystery",Low/Mid,voice-driven,,,,,,,,,,Seeded,2026-01-29,https://en.wikipedia.org/w/index.php?search=Savanah+Leaf,https://www.imdb.com/find/?q=Savanah+Leaf&s=nm,,,,,,,,,,,,,,,,,,,,,,MANUAL:187115d3e1c83ba76895d6b1580fff188b36158f,,,,,,,,,,,,
Shaka King,T5,Breakout,US/Intl,Drama,"Prestige drama,Thriller/Mystery",Low/Mid,voice-driven,,,,,,,,,,Seeded,2026-01-29,https://en.wikipedia.org/w/index.php?search=Shaka+King,https://www.imdb.com/find/?q=Shaka+King&s=nm,,,,,,,,,,,,,,,,,,,,,,MANUAL:b67478068de2ccba37348d9cfbddb61361081234,,,,,,,,,,,,
Shannon Murphy,T5,Breakout,Intl/US,Drama,Prestige drama,Low/Mid,voice-driven,,,,,,,,,,Seeded,2026-01-29,https://en.wikipedia.org/w/index.php?search=Shannon+Murphy,https://www.imdb.com/find/?q=Shannon+Murphy&s=nm,,,,,,,,,,,,,,,,,,,,,,MANUAL:bd85dbf95dafde2ec7f0a65c238351b42132e12c,,,,,,,,,,,,
Sharmeen Obaid-Chinoy,T5,Breakout,Intl/US,Drama,Prestige drama,Low/Mid,voice-driven,,,,,,,,,,Seeded,2026-01-29,https://en.wikipedia.org/w/index.php?search=Sharmeen+Obaid-Chinoy,https://www.imdb.com/find/?q=Sharmeen+Obaid-Chinoy&s=nm,,,,,,,,,,,,,,,,,,,,,,MANUAL:32e155c1fdc90ce4a86a3e94cfcfabfbe969e963,,,,,,,,,,,,
Steven Caple Jr.,T5,Breakout,US/Intl,Drama,"Prestige drama,Thriller/Mystery",Low/Mid,voice-driven,,,,,,,,,,Seeded,2026-01-29,https://en.wikipedia.org/w/index.php?search=Steven+Caple+Jr.,https://www.imdb.com/find/?q=Steven+Caple+Jr.&s=nm,,,,,,,,,,,,,,,,,,,,,,MANUAL:8b81133f5581d75aef2155b883598b1439a83303,,,,,,,,,,,,
Zach Cregger,T5,Breakout,US/Intl,Horror,Thriller/Mystery,Low,"fresh, high-concept",,,,,,,,,,Seeded,2026-01-29,https://en.wikipedia.org/w/index.php?search=Zach+Cregger,https://www.imdb.com/find/?q=Zach+Cregger&s=nm,,,,,,,,,,,,,,,,,,,,,,MANUAL:b7683dd2a23881862113ff83f39fc907dfcd475c,,,,,,,,,,,,
Zoe Kravitz,T5,Breakout,US/UK,Comedy,Drama,Low/Mid,voice-driven,,,,,,,,,,Seeded,2026-01-29,https://en.wikipedia.org/w/index.php?search=Zoe+Kravitz,https://www.imdb.com/find/?q=Zoe+Kravitz&s=nm,,,,,,,,,,,,,,,,,,,,,,MANUAL:f5f8e31acbdc4fd86552efe04bb88d5c1484b6e4,,,,,,,,,,,,
